path,commit,author_name,author_email,authored_at,subject,change_type,lines_added,lines_deleted,evidence_ref
electron/main/index.ts,8276d67e31ea283a46c354bd423238b11e0ac02e,jinguoxing,jinguoxing_net@163.com,2026-09-28T21:46:34+08:00,feat(desktop): absorb P0-A desktop beta capabilities in Electron shell,A,,,docs/provenance/batch-01/evidence/semovix/electron__main__index.ts.history-summary.txt
electron/main/index.ts,2e9319a61d17efbe1eac69aa3a8f0d4492b7cdda,jinguoxing,jinguoxing_net@163.com,2026-09-28T21:55:00+08:00,feat(desktop): persist window state across sessions,,,,docs/provenance/batch-01/evidence/semovix/electron__main__index.ts.history-summary.txt
electron/main/index.ts,fb76cdf33add210a9161e3e14376adf119c8b037,jinguoxing,jinguoxing_net@163.com,2026-09-29T14:56:49+08:00,"feat(core): error contract, safe atomic fs, voice-profile synthesis, provenance, migration rollback, packaging (P0-B #24-30)",,,,docs/provenance/batch-01/evidence/semovix/electron__main__index.ts.history-summary.txt
electron/main/index.ts,c5ebd8d220046afd52df34e3ec4982f3fae887b3,jinguoxing,jinguoxing_net@163.com,2026-09-30T13:59:50+08:00,fix(desktop): 冷启动 Worker 先走 managed ensure，修复回退 PATH python3 秒退,,,,docs/provenance/batch-01/evidence/semovix/electron__main__index.ts.history-summary.txt
electron/main/context.ts,8276d67e31ea283a46c354bd423238b11e0ac02e,jinguoxing,jinguoxing_net@163.com,2026-09-28T21:46:34+08:00,feat(desktop): absorb P0-A desktop beta capabilities in Electron shell,A,,,docs/provenance/batch-01/file-history.csv
electron/main/context.ts,b18f80168b654a6860fd8ad40db940e8265fd8af,jinguoxing,jinguoxing_net@163.com,2026-09-29T16:39:20+08:00,"feat(models): managed HF model downloads with resume, verify, disk checks and jobs (P1 #32)",,,,docs/provenance/batch-01/file-history.csv
electron/main/context.ts,0545af162bb4a7bc9bef0d760de819f740c6110f,jinguoxing,jinguoxing_net@163.com,2026-09-29T17:15:39+08:00,"feat(desktop): managed uv Python runtime with locks, repair and rebuild (P1 #31)",,,,docs/provenance/batch-01/file-history.csv
electron/main/context.ts,c5ebd8d220046afd52df34e3ec4982f3fae887b3,jinguoxing,jinguoxing_net@163.com,2026-09-30T13:59:50+08:00,fix(desktop): 冷启动 Worker 先走 managed ensure，修复回退 PATH python3 秒退,,,,docs/provenance/batch-01/file-history.csv
electron/main/ipc.ts,8276d67e31ea283a46c354bd423238b11e0ac02e,jinguoxing,jinguoxing_net@163.com,2026-09-28T21:46:34+08:00,feat(desktop): absorb P0-A desktop beta capabilities in Electron shell,A,,,docs/provenance/batch-01/evidence/semovix/electron__main__ipc.ts.history-summary.txt
electron/main/ipc.ts,8233f23b2bff51602df72fb755dadbf7bb82f246,jinguoxing,jinguoxing_net@163.com,2026-09-28T22:13:55+08:00,feat(desktop): wire import/export flows to native file dialogs (P0-A #12),,,,docs/provenance/batch-01/evidence/semovix/electron__main__ipc.ts.history-summary.txt
electron/main/ipc.ts,0545af162bb4a7bc9bef0d760de819f740c6110f,jinguoxing,jinguoxing_net@163.com,2026-09-29T17:15:39+08:00,"feat(desktop): managed uv Python runtime with locks, repair and rebuild (P1 #31)",,,,docs/provenance/batch-01/evidence/semovix/electron__main__ipc.ts.history-summary.txt
electron/main/ipc.ts,ea96bcb7def2248058709f50d5f89a1960bd3c59,jinguoxing,jinguoxing_net@163.com,2026-09-29T18:01:18+08:00,feat(desktop): sanitized diagnostics bundle export (P1 #35),,,,docs/provenance/batch-01/evidence/semovix/electron__main__ipc.ts.history-summary.txt
electron/main/ipc.ts,081cb52833ddfcb40955ef2cd0cdce040b734375,jinguoxing,jinguoxing_net@163.com,2026-09-29T18:49:15+08:00,feat(desktop): stable/preview update channel with manual update check (P1 #40),,,,docs/provenance/batch-01/evidence/semovix/electron__main__ipc.ts.history-summary.txt
electron/main/lib/supervisors.ts,8276d67e31ea283a46c354bd423238b11e0ac02e,jinguoxing,jinguoxing_net@163.com,2026-09-28T21:46:34+08:00,feat(desktop): absorb P0-A desktop beta capabilities in Electron shell,A,,,docs/provenance/batch-01/evidence/semovix/electron__main__lib__supervisors.ts.history-summary.txt
electron/main/lib/supervisors.ts,b18f80168b654a6860fd8ad40db940e8265fd8af,jinguoxing,jinguoxing_net@163.com,2026-09-29T16:39:20+08:00,"feat(models): managed HF model downloads with resume, verify, disk checks and jobs (P1 #32)",,,,docs/provenance/batch-01/evidence/semovix/electron__main__lib__supervisors.ts.history-summary.txt
electron/main/lib/supervisors.ts,0545af162bb4a7bc9bef0d760de819f740c6110f,jinguoxing,jinguoxing_net@163.com,2026-09-29T17:15:39+08:00,"feat(desktop): managed uv Python runtime with locks, repair and rebuild (P1 #31)",,,,docs/provenance/batch-01/evidence/semovix/electron__main__lib__supervisors.ts.history-summary.txt
electron/main/lib/managedRuntime.ts,0545af162bb4a7bc9bef0d760de819f740c6110f,jinguoxing,jinguoxing_net@163.com,2026-09-29T17:15:39+08:00,"feat(desktop): managed uv Python runtime with locks, repair and rebuild (P1 #31)",A,,,docs/provenance/batch-01/evidence/semovix/electron__main__lib__managedRuntime.ts.history-summary.txt
electron/main/lib/doctorRunner.ts,8276d67e31ea283a46c354bd423238b11e0ac02e,jinguoxing,jinguoxing_net@163.com,2026-09-28T21:46:34+08:00,feat(desktop): absorb P0-A desktop beta capabilities in Electron shell,A,,,docs/provenance/batch-01/file-history.csv
electron/main/lib/doctorRunner.ts,0545af162bb4a7bc9bef0d760de819f740c6110f,jinguoxing,jinguoxing_net@163.com,2026-09-29T17:15:39+08:00,"feat(desktop): managed uv Python runtime with locks, repair and rebuild (P1 #31)",,,,docs/provenance/batch-01/file-history.csv
electron/main/lib/ports.ts,8276d67e31ea283a46c354bd423238b11e0ac02e,jinguoxing,jinguoxing_net@163.com,2026-09-28T21:46:34+08:00,feat(desktop): absorb P0-A desktop beta capabilities in Electron shell,A,,,docs/provenance/batch-01/file-history.csv
electron/main/lib/orphanReaper.ts,8276d67e31ea283a46c354bd423238b11e0ac02e,jinguoxing,jinguoxing_net@163.com,2026-09-28T21:46:34+08:00,feat(desktop): absorb P0-A desktop beta capabilities in Electron shell,A,,,docs/provenance/batch-01/file-history.csv
electron/main/lib/runtimeStatus.ts,8276d67e31ea283a46c354bd423238b11e0ac02e,jinguoxing,jinguoxing_net@163.com,2026-09-28T21:46:34+08:00,feat(desktop): absorb P0-A desktop beta capabilities in Electron shell,A,,,docs/provenance/batch-01/file-history.csv
electron/main/lib/runtimeStatus.ts,0545af162bb4a7bc9bef0d760de819f740c6110f,jinguoxing,jinguoxing_net@163.com,2026-09-29T17:15:39+08:00,"feat(desktop): managed uv Python runtime with locks, repair and rebuild (P1 #31)",,,,docs/provenance/batch-01/file-history.csv
electron/preload/preload.ts,8276d67e31ea283a46c354bd423238b11e0ac02e,jinguoxing,jinguoxing_net@163.com,2026-09-28T21:46:34+08:00,feat(desktop): absorb P0-A desktop beta capabilities in Electron shell,A,,,docs/provenance/batch-01/evidence/semovix/electron__preload__preload.ts.history-summary.txt
electron/preload/preload.ts,8233f23b2bff51602df72fb755dadbf7bb82f246,jinguoxing,jinguoxing_net@163.com,2026-09-28T22:13:55+08:00,feat(desktop): wire import/export flows to native file dialogs (P0-A #12),,,,docs/provenance/batch-01/evidence/semovix/electron__preload__preload.ts.history-summary.txt
electron/preload/preload.ts,0545af162bb4a7bc9bef0d760de819f740c6110f,jinguoxing,jinguoxing_net@163.com,2026-09-29T17:15:39+08:00,"feat(desktop): managed uv Python runtime with locks, repair and rebuild (P1 #31)",,,,docs/provenance/batch-01/evidence/semovix/electron__preload__preload.ts.history-summary.txt
electron/preload/preload.ts,ea96bcb7def2248058709f50d5f89a1960bd3c59,jinguoxing,jinguoxing_net@163.com,2026-09-29T18:01:18+08:00,feat(desktop): sanitized diagnostics bundle export (P1 #35),,,,docs/provenance/batch-01/evidence/semovix/electron__preload__preload.ts.history-summary.txt
electron/preload/preload.ts,081cb52833ddfcb40955ef2cd0cdce040b734375,jinguoxing,jinguoxing_net@163.com,2026-09-29T18:49:15+08:00,feat(desktop): stable/preview update channel with manual update check (P1 #40),,,,docs/provenance/batch-01/evidence/semovix/electron__preload__preload.ts.history-summary.txt
src/desktop/fileDialogs.ts,8233f23b2bff51602df72fb755dadbf7bb82f246,jinguoxing,jinguoxing_net@163.com,2026-09-28T22:13:55+08:00,feat(desktop): wire import/export flows to native file dialogs (P0-A #12),A,,,docs/provenance/batch-01/evidence/semovix/src__desktop__fileDialogs.ts.history-summary.txt
src/desktop/fileDialogs.ts,e8b43c65b7706f7b3aeb732045bb29355b0780f1,jinguoxing,jinguoxing_net@163.com,2026-09-29T17:57:45+08:00,feat(web): app capability detection bridging desktop and web modes (P1 #38),,,,docs/provenance/batch-01/evidence/semovix/src__desktop__fileDialogs.ts.history-summary.txt
server/lib/safeFs.ts,fb76cdf33add210a9161e3e14376adf119c8b037,jinguoxing,jinguoxing_net@163.com,2026-09-29T14:56:49+08:00,"feat(core): error contract, safe atomic fs, voice-profile synthesis, provenance, migration rollback, packaging (P0-B #24-30)",A,,,docs/provenance/batch-01/evidence/semovix/server__lib__safeFs.ts.history-summary.txt
src/components/desktop/DesktopGate.tsx,8276d67e31ea283a46c354bd423238b11e0ac02e,jinguoxing,jinguoxing_net@163.com,2026-09-28T21:46:34+08:00,feat(desktop): absorb P0-A desktop beta capabilities in Electron shell,A,,,docs/provenance/batch-01/file-history.csv
src/components/desktop/DesktopGate.tsx,c80a6444ffc2376b6ad15737845eeeed9cc64836,jinguoxing,jinguoxing_net@163.com,2026-09-29T16:46:44+08:00,feat(web): model catalog page with install/unload/delete and live progress (P1 #33),,,,docs/provenance/batch-01/file-history.csv
src/components/desktop/DesktopSetupWizard.tsx,8276d67e31ea283a46c354bd423238b11e0ac02e,jinguoxing,jinguoxing_net@163.com,2026-09-28T21:46:34+08:00,feat(desktop): absorb P0-A desktop beta capabilities in Electron shell,A,,,docs/provenance/batch-01/file-history.csv
src/components/desktop/DesktopSetupWizard.tsx,c80a6444ffc2376b6ad15737845eeeed9cc64836,jinguoxing,jinguoxing_net@163.com,2026-09-29T16:46:44+08:00,feat(web): model catalog page with install/unload/delete and live progress (P1 #33),,,,docs/provenance/batch-01/file-history.csv
src/components/desktop/DesktopSetupWizard.tsx,0545af162bb4a7bc9bef0d760de819f740c6110f,jinguoxing,jinguoxing_net@163.com,2026-09-29T17:15:39+08:00,"feat(desktop): managed uv Python runtime with locks, repair and rebuild (P1 #31)",,,,docs/provenance/batch-01/file-history.csv
src/components/desktop/RuntimeStatusCenter.tsx,8276d67e31ea283a46c354bd423238b11e0ac02e,jinguoxing,jinguoxing_net@163.com,2026-09-28T21:46:34+08:00,feat(desktop): absorb P0-A desktop beta capabilities in Electron shell,A,,,docs/provenance/batch-01/file-history.csv
src/components/desktop/RuntimeStatusCenter.tsx,0545af162bb4a7bc9bef0d760de819f740c6110f,jinguoxing,jinguoxing_net@163.com,2026-09-29T17:15:39+08:00,"feat(desktop): managed uv Python runtime with locks, repair and rebuild (P1 #31)",,,,docs/provenance/batch-01/file-history.csv
src/components/desktop/RuntimeStatusCenter.tsx,ea96bcb7def2248058709f50d5f89a1960bd3c59,jinguoxing,jinguoxing_net@163.com,2026-09-29T18:01:18+08:00,feat(desktop): sanitized diagnostics bundle export (P1 #35),,,,docs/provenance/batch-01/file-history.csv
src/components/desktop/RuntimeStatusCenter.tsx,081cb52833ddfcb40955ef2cd0cdce040b734375,jinguoxing,jinguoxing_net@163.com,2026-09-29T18:49:15+08:00,feat(desktop): stable/preview update channel with manual update check (P1 #40),,,,docs/provenance/batch-01/file-history.csv
