path,exists,language,line_count,byte_count,sha256_raw,sha256_normalized,first_add_commit,first_history_commit,first_author_name,first_author_email,first_authored_at,last_commit,last_author_name,last_authored_at,commit_count,review_priority,notes
electron/main/index.ts,true,typescript,305,13928,807bb813f6e676fa273a46edbee3d9161134d8da8c15115cd035c4b7be37189c,5ae6c75ade8d216405fa37d09ca9dedfcb1b9ad17ef30653a969c8bbc3da9581,8276d67e31ea283a46c354bd423238b11e0ac02e,8276d67e31ea283a46c354bd423238b11e0ac02e,jinguoxing,jinguoxing_net@163.com,2026-09-28T21:46:34+08:00,c5ebd8d220046afd52df34e3ec4982f3fae887b3,jinguoxing,2026-09-30T13:59:50+08:00,4,P0,
electron/main/context.ts,true,typescript,345,13641,41bf728527f7c35840570207aad4b73fd89abc6a2d9cb3c956c1cf47421f1cbd,b6991c9a4e54901df74f4c754824b5c388634b82069b4e7eef27e15711feaac2,8276d67e31ea283a46c354bd423238b11e0ac02e,8276d67e31ea283a46c354bd423238b11e0ac02e,jinguoxing,jinguoxing_net@163.com,2026-09-28T21:46:34+08:00,c5ebd8d220046afd52df34e3ec4982f3fae887b3,jinguoxing,2026-09-30T13:59:50+08:00,4,P1,
electron/main/ipc.ts,true,typescript,206,9295,db7d0e08bee07aad9c74122e3071174b3c262e38415ad2670332ef2b885a4406,619318a2b94d50ef05087934ed50d54360dde3a79c529a75067ffd4220072811,8276d67e31ea283a46c354bd423238b11e0ac02e,8276d67e31ea283a46c354bd423238b11e0ac02e,jinguoxing,jinguoxing_net@163.com,2026-09-28T21:46:34+08:00,081cb52833ddfcb40955ef2cd0cdce040b734375,jinguoxing,2026-09-29T18:49:15+08:00,5,P0,
electron/main/lib/supervisors.ts,true,typescript,505,20251,0c466ff0bba3dd3d29952f24bab95098a1b00f196bacb30396357837dedd445f,9c0fc6dc3914ef4a4d59e7bb481b94cd3b0cadf88a73851c389cff27052b3ad9,8276d67e31ea283a46c354bd423238b11e0ac02e,8276d67e31ea283a46c354bd423238b11e0ac02e,jinguoxing,jinguoxing_net@163.com,2026-09-28T21:46:34+08:00,0545af162bb4a7bc9bef0d760de819f740c6110f,jinguoxing,2026-09-29T17:15:39+08:00,3,P0,
electron/main/lib/managedRuntime.ts,true,typescript,422,17815,e868edd301c87ccead6ad177aa0482d93d5982072b83ad64ced4170aec7644b2,a2fe75b66094dba4885cb96eb8068c4d1773e7b733084123d753f7ceb8891947,0545af162bb4a7bc9bef0d760de819f740c6110f,0545af162bb4a7bc9bef0d760de819f740c6110f,jinguoxing,jinguoxing_net@163.com,2026-09-29T17:15:39+08:00,0545af162bb4a7bc9bef0d760de819f740c6110f,jinguoxing,2026-09-29T17:15:39+08:00,1,P0,
electron/main/lib/doctorRunner.ts,true,typescript,202,7107,7628ba1dda392901adb6b338060c6cc27d39492f1ccec3e8998730bf1a49bf37,1529c08c5770e0dc7261095f7f82b4464f6ff79727ff942654019bc3fca95070,8276d67e31ea283a46c354bd423238b11e0ac02e,8276d67e31ea283a46c354bd423238b11e0ac02e,jinguoxing,jinguoxing_net@163.com,2026-09-28T21:46:34+08:00,0545af162bb4a7bc9bef0d760de819f740c6110f,jinguoxing,2026-09-29T17:15:39+08:00,2,P1,
electron/main/lib/ports.ts,true,typescript,93,3565,8849b064b5a0b910d5ca2c13be3dd185f9e0cb135cce0d25da760b3b1d1b083e,712fada283191827eadb4ba538086b53d07cd2eeefa28a418a3eb76eeaf0525c,8276d67e31ea283a46c354bd423238b11e0ac02e,8276d67e31ea283a46c354bd423238b11e0ac02e,jinguoxing,jinguoxing_net@163.com,2026-09-28T21:46:34+08:00,8276d67e31ea283a46c354bd423238b11e0ac02e,jinguoxing,2026-09-28T21:46:34+08:00,1,P1,
electron/main/lib/orphanReaper.ts,true,typescript,54,2097,1694e4417d92943a1e3a1adde74e355190e5cb428864ae5a39335c1ce15fcd7f,7c06d0ce6e523f79b22734c9a90a1e4c4ee2f987224d253d71caa7dcad1248b6,8276d67e31ea283a46c354bd423238b11e0ac02e,8276d67e31ea283a46c354bd423238b11e0ac02e,jinguoxing,jinguoxing_net@163.com,2026-09-28T21:46:34+08:00,8276d67e31ea283a46c354bd423238b11e0ac02e,jinguoxing,2026-09-28T21:46:34+08:00,1,P1,
electron/main/lib/runtimeStatus.ts,true,typescript,147,5485,281954b0776fa12ef4ec9111bf691186ad4aacfbe8f0999dad908eb39773acc4,f7a3bfd01c6aa9cc8f70aecc58c6d58f784947e88401fb6349fea2a38a2e42b4,8276d67e31ea283a46c354bd423238b11e0ac02e,8276d67e31ea283a46c354bd423238b11e0ac02e,jinguoxing,jinguoxing_net@163.com,2026-09-28T21:46:34+08:00,0545af162bb4a7bc9bef0d760de819f740c6110f,jinguoxing,2026-09-29T17:15:39+08:00,2,P1,
electron/preload/preload.ts,true,typescript,62,3008,ad9a39e5c9662101a36931aa7222040c903362bff632e4329970a905989150b3,6d014df05aee0451a6d118950ffd86f82823709bb5e98d85e34417ba37ae87a8,8276d67e31ea283a46c354bd423238b11e0ac02e,8276d67e31ea283a46c354bd423238b11e0ac02e,jinguoxing,jinguoxing_net@163.com,2026-09-28T21:46:34+08:00,081cb52833ddfcb40955ef2cd0cdce040b734375,jinguoxing,2026-09-29T18:49:15+08:00,5,P0,
src/desktop/fileDialogs.ts,true,typescript,127,4603,c9aa7e22ffb2cdff6355554fa6e6c7e94eec28b09accd063421591154d39cc9a,a622871041ee9e5e168c07021c57f1af7df3cf19e77d8e3b05fbe7b9e473fb55,8233f23b2bff51602df72fb755dadbf7bb82f246,8233f23b2bff51602df72fb755dadbf7bb82f246,jinguoxing,jinguoxing_net@163.com,2026-09-28T22:13:55+08:00,e8b43c65b7706f7b3aeb732045bb29355b0780f1,jinguoxing,2026-09-29T17:57:45+08:00,2,P0,
server/lib/safeFs.ts,true,typescript,86,3546,8480422d05a11febf8f4a29f02a5854e93a27d7582757d873389804a68de82e4,173612016664e5eb43e32192ca8978121a576a59fb8f51c91c1a3568c1b934ab,fb76cdf33add210a9161e3e14376adf119c8b037,fb76cdf33add210a9161e3e14376adf119c8b037,jinguoxing,jinguoxing_net@163.com,2026-09-29T14:56:49+08:00,fb76cdf33add210a9161e3e14376adf119c8b037,jinguoxing,2026-09-29T14:56:49+08:00,1,P0,
src/components/desktop/DesktopGate.tsx,true,tsx,39,1497,9a13f000ebdec52f01ab46e69fa9c760b8013e76b6d65893d4ebd07cbab3b264,5e04139678e7e222c862bc8fd0a6fbe1432b5bec16fb8888e3c88e5a7deff68d,8276d67e31ea283a46c354bd423238b11e0ac02e,8276d67e31ea283a46c354bd423238b11e0ac02e,jinguoxing,jinguoxing_net@163.com,2026-09-28T21:46:34+08:00,c80a6444ffc2376b6ad15737845eeeed9cc64836,jinguoxing,2026-09-29T16:46:44+08:00,2,P1,
src/components/desktop/DesktopSetupWizard.tsx,true,tsx,606,32417,ad174df8cc3f2b3c345b13e35bda59d942a09d60b5d335bec96dda25a6a5431c,7f6d2054a89bbe80e29c43313edc5a8763f7b3638fafdf92986a3148f43a11d9,8276d67e31ea283a46c354bd423238b11e0ac02e,8276d67e31ea283a46c354bd423238b11e0ac02e,jinguoxing,jinguoxing_net@163.com,2026-09-28T21:46:34+08:00,0545af162bb4a7bc9bef0d760de819f740c6110f,jinguoxing,2026-09-29T17:15:39+08:00,3,P1,
src/components/desktop/RuntimeStatusCenter.tsx,true,tsx,480,25537,1a06ced874376f93bc424e97dbdbd343b430547dd2e37e41b560f42147c341d9,ab85352d5237c45d82288c5eae5252a6da7f0da7f12b748470d76a5892a3b2d1,8276d67e31ea283a46c354bd423238b11e0ac02e,8276d67e31ea283a46c354bd423238b11e0ac02e,jinguoxing,jinguoxing_net@163.com,2026-09-28T21:46:34+08:00,081cb52833ddfcb40955ef2cd0cdce040b734375,jinguoxing,2026-09-29T18:49:15+08:00,4,P1,
