path,function,current_sha256,first_add_commit,first_authored_at,git_authors,possible_counterparts,machine_observation,evidence_supporting_independent_development,evidence_supporting_possible_reuse,other_possible_sources,machine_risk_level,human_classification,license,retain_original_notice,rewrite_required,confidence,reviewer,second_reviewer,review_status,evidence_refs
electron/main/index.ts,Electron 主进程入口：单实例锁、userData/日志初始化、残留进程清理、动态端口、装配 Supervisor 与 IPC、创建安全 BrowserWindow、状态轮询推送与 15s 兜底退出清理,807bb813f6e676fa273a46edbee3d9161134d8da8c15115cd035c4b7be37189c,8276d67e31ea283a46c354bd423238b11e0ac02e,2026-09-28T21:46:34+08:00,jinguoxing,electron/src/main/index.ts; electron/src/main/blank-window-guard.ts; electron/src/preload/index.ts; electron/src/renderer/src/i18n/index.ts; electron/src/renderer/src/routes/index.ts; electron/src/shared/i18n/index.ts; electron/src/shared/store/index.ts,存在高风险匹配,与全部候选对的指标均低于高风险阈值：最高 raw=0.0741、idnorm-5gram=0.2144、最长公共块=3 行、独特字面量命中=5、独特注释命中=0（similarity-results.csv）,docs/001.md 记录对 VoiceStudio 的架构参考（设计参考已声明）；存在职责对应候选见 counterpart-map.csv,Electron 官方 API 惯例（app/BrowserWindow/webPreferences 安全基线）；Node.js 进程与定时器 API,high,待人工确认,待人工确认,待人工确认,待人工确认,待人工确认,待指派,待指派,未开始,docs/provenance/batch-01/file-inventory.csv; docs/provenance/batch-01/counterpart-map.csv; docs/provenance/batch-01/similarity-results.csv; docs/provenance/batch-01/evidence/semovix/electron__main__index.ts.first-commit.txt; docs/provenance/batch-01/evidence/semovix/electron__main__index.ts.history-summary.txt; docs/provenance/batch-01/evidence/semovix/electron__main__index.ts.blame-summary.txt
electron/main/context.ts,桌面运行时上下文：装配 Node/Worker 两个 Supervisor、桌面配置读写与按需重启热更新、Doctor 缓存、运行时状态轮询聚合、托管运行时编排与退出清理,41bf728527f7c35840570207aad4b73fd89abc6a2d9cb3c956c1cf47421f1cbd,8276d67e31ea283a46c354bd423238b11e0ac02e,2026-09-28T21:46:34+08:00,jinguoxing,electron/src/main/backend.ts,存在通用框架样板,与全部候选对的指标均低于高风险阈值：最高 raw=0.0476、idnorm-5gram=0.1438、最长公共块=3 行、独特字面量命中=0、独特注释命中=0（similarity-results.csv）,docs/001.md 记录对 VoiceStudio 的架构参考（设计参考已声明）；存在职责对应候选见 counterpart-map.csv,Electron/Node 常规编排模式；.env 手工解析为通用 shell 语法,low,待人工确认,待人工确认,待人工确认,待人工确认,待人工确认,待指派,待指派,未开始,docs/provenance/batch-01/file-inventory.csv; docs/provenance/batch-01/counterpart-map.csv; docs/provenance/batch-01/similarity-results.csv
electron/main/ipc.ts,IPC 白名单：app-info/运行时状态/doctor/重启 Worker/托管运行时维护/原生文件对话框/受限读取/受限保存/reveal 边界校验/诊断包导出/更新检查/配置保存,db7d0e08bee07aad9c74122e3071174b3c262e38415ad2670332ef2b885a4406,8276d67e31ea283a46c354bd423238b11e0ac02e,2026-09-28T21:46:34+08:00,jinguoxing,electron/src/main/ipc.ts; electron/src/main/save-filters.ts,存在高风险匹配,与全部候选对的指标均低于高风险阈值：最高 raw=0.0799、idnorm-5gram=0.1739、最长公共块=3 行、独特字面量命中=2、独特注释命中=0（similarity-results.csv）,docs/001.md 记录对 VoiceStudio 的架构参考（设计参考已声明）；存在职责对应候选见 counterpart-map.csv,Electron 官方 ipcMain.handle/dialog API；路径包含校验为通用安全惯例（OWASP path traversal 防护）,high,待人工确认,待人工确认,待人工确认,待人工确认,待人工确认,待指派,待指派,未开始,docs/provenance/batch-01/file-inventory.csv; docs/provenance/batch-01/counterpart-map.csv; docs/provenance/batch-01/similarity-results.csv; docs/provenance/batch-01/evidence/semovix/electron__main__ipc.ts.first-commit.txt; docs/provenance/batch-01/evidence/semovix/electron__main__ipc.ts.history-summary.txt; docs/provenance/batch-01/evidence/semovix/electron__main__ipc.ts.blame-summary.txt
electron/main/lib/supervisors.ts,子进程监管：抽象 ProcessSupervisor（spawn+健康检查+状态机+进程树终止+优雅停止），NodeServerSupervisor（窗口期内受控自动重启），PythonWorkerSupervisor（managed/bin/conda 解释器解析），runtime.json 运行记录读写,0c466ff0bba3dd3d29952f24bab95098a1b00f196bacb30396357837dedd445f,8276d67e31ea283a46c354bd423238b11e0ac02e,2026-09-28T21:46:34+08:00,jinguoxing,electron/src/main/backend.ts; electron/src/main/runtime-project.ts; scripts/dev-backend.mjs,存在通用框架样板,与全部候选对的指标均低于高风险阈值：最高 raw=0.0490、idnorm-5gram=0.1724、最长公共块=5 行、独特字面量命中=0、独特注释命中=0（similarity-results.csv）,docs/001.md 记录对 VoiceStudio 的架构参考（设计参考已声明）；存在职责对应候选见 counterpart-map.csv,Node.js child_process/net 官方 API；进程组终止与 taskkill /T 为 POSIX/Windows 通用做法,low,待人工确认,待人工确认,待人工确认,待人工确认,待人工确认,待指派,待指派,未开始,docs/provenance/batch-01/file-inventory.csv; docs/provenance/batch-01/counterpart-map.csv; docs/provenance/batch-01/similarity-results.csv; docs/provenance/batch-01/evidence/semovix/electron__main__lib__supervisors.ts.first-commit.txt; docs/provenance/batch-01/evidence/semovix/electron__main__lib__supervisors.ts.history-summary.txt; docs/provenance/batch-01/evidence/semovix/electron__main__lib__supervisors.ts.blame-summary.txt
electron/main/lib/managedRuntime.ts,托管 Python 运行时：uv 定版下载（SHA256 校验）→ CPython 安装 → venv 创建 → uv pip sync，阶段状态机落盘（absent→…→ready/failed），repair/rebuild,e868edd301c87ccead6ad177aa0482d93d5982072b83ad64ced4170aec7644b2,0545af162bb4a7bc9bef0d760de819f740c6110f,2026-09-29T17:15:39+08:00,jinguoxing,electron/src/main/backend-download.ts; electron/src/main/runtime-download.ts; electron/src/main/setup-progress.ts,存在通用框架样板,与全部候选对的指标均低于高风险阈值：最高 raw=0.0384、idnorm-5gram=0.1139、最长公共块=3 行、独特字面量命中=0、独特注释命中=0（similarity-results.csv）,docs/001.md 记录对 VoiceStudio 的架构参考（设计参考已声明）；存在职责对应候选见 counterpart-map.csv,uv 官方安装与用法（GitHub Releases 资产、UV_* 环境变量、python-build-standalone）,low,待人工确认,待人工确认,待人工确认,待人工确认,待人工确认,待指派,待指派,未开始,docs/provenance/batch-01/file-inventory.csv; docs/provenance/batch-01/counterpart-map.csv; docs/provenance/batch-01/similarity-results.csv; docs/provenance/batch-01/evidence/semovix/electron__main__lib__managedRuntime.ts.first-commit.txt; docs/provenance/batch-01/evidence/semovix/electron__main__lib__managedRuntime.ts.history-summary.txt; docs/provenance/batch-01/evidence/semovix/electron__main__lib__managedRuntime.ts.blame-summary.txt
electron/main/lib/doctorRunner.ts,Doctor 运行器：按 Python 配置组装命令、超时强杀、从混杂 stdout 提取首个括号配平 JSON、规范化为 DoctorReport,7628ba1dda392901adb6b338060c6cc27d39492f1ccec3e8998730bf1a49bf37,8276d67e31ea283a46c354bd423238b11e0ac02e,2026-09-28T21:46:34+08:00,jinguoxing,electron/src/main/repair-agents.ts,存在通用框架样板,与全部候选对的指标均低于高风险阈值：最高 raw=0.0401、idnorm-5gram=0.1588、最长公共块=5 行、独特字面量命中=0、独特注释命中=0（similarity-results.csv）,docs/001.md 记录对 VoiceStudio 的架构参考（设计参考已声明）；存在职责对应候选见 counterpart-map.csv,Node.js child_process API；括号配平 JSON 提取为通用解析技术,low,待人工确认,待人工确认,待人工确认,待人工确认,待人工确认,待指派,待指派,未开始,docs/provenance/batch-01/file-inventory.csv; docs/provenance/batch-01/counterpart-map.csv; docs/provenance/batch-01/similarity-results.csv
electron/main/lib/ports.ts,动态端口分配：connect 探测+bind 探测结合、随机端口回退、waitForHttpOk 健康轮询（可选响应身份校验）,8849b064b5a0b910d5ca2c13be3dd185f9e0cb135cce0d25da760b3b1d1b083e,8276d67e31ea283a46c354bd423238b11e0ac02e,2026-09-28T21:46:34+08:00,jinguoxing,electron/src/main/backend-port.ts; backend/api/routers/audiobook.py; backend/api/routers/generation.py; backend/api/routers/profiles.py; backend/api/routers/settings.py; backend/core/device_caps.py; backend/engines/audiocpp/__init__.py; backend/engines/audiocpp/bootstrap.py; backend/engines/confucius4/bootstrap.py; backend/engines/dots_tts/bootstrap.py; backend/engines/indextts/__init__.py; backend/engines/indextts/main.py,存在通用框架样板,与全部候选对的指标均低于高风险阈值：最高 raw=0.1127、idnorm-5gram=0.1395、最长公共块=4 行、独特字面量命中=0、独特注释命中=0（similarity-results.csv）,docs/001.md 记录对 VoiceStudio 的架构参考（设计参考已声明）；存在职责对应候选见 counterpart-map.csv,Node.js net 官方 API（connect/bind 探测为通用端口分配做法）；fetch 轮询健康检查为通用模式,low,待人工确认,待人工确认,待人工确认,待人工确认,待人工确认,待指派,待指派,未开始,docs/provenance/batch-01/file-inventory.csv; docs/provenance/batch-01/counterpart-map.csv; docs/provenance/batch-01/similarity-results.csv
electron/main/lib/orphanReaper.ts,残留进程识别与清理：PID 存活检查 + ps 命令行 marker 复核 + SIGTERM，绝不盲杀 PID,1694e4417d92943a1e3a1adde74e355190e5cb428864ae5a39335c1ce15fcd7f,8276d67e31ea283a46c354bd423238b11e0ac02e,2026-09-28T21:46:34+08:00,jinguoxing,backend/worker/lifecycle.py; electron/src/shared/utils/backendCrash.ts; electron/native-helper-build.mjs; electron/native-linux-libraries.mjs; electron/scripts/dev.mjs; electron/scripts/embed-appimage-update.mjs; electron/src/main/backend-port.test.ts; electron/src/main/backend-setup.test.ts; electron/src/main/backend.ts; electron/src/main/data-relocation.ts; electron/src/main/dictation-output.test.ts; electron/src/main/dictation-output.ts,存在通用框架样板,与全部候选对的指标均低于高风险阈值：最高 raw=0.1884、idnorm-5gram=0.1010、最长公共块=5 行、独特字面量命中=0、独特注释命中=0（similarity-results.csv）,docs/001.md 记录对 VoiceStudio 的架构参考（设计参考已声明）；存在职责对应候选见 counterpart-map.csv,POSIX ps/kill 惯例；PID 复用防护（marker 复核）为通用做法,low,待人工确认,待人工确认,待人工确认,待人工确认,待人工确认,待指派,待指派,未开始,docs/provenance/batch-01/file-inventory.csv; docs/provenance/batch-01/counterpart-map.csv; docs/provenance/batch-01/similarity-results.csv
electron/main/lib/runtimeStatus.ts,运行时状态聚合：进程/引擎/环境三类状态分开上报，Node 聚合接口优先、Worker /health 兜底,281954b0776fa12ef4ec9111bf691186ad4aacfbe8f0999dad908eb39773acc4,8276d67e31ea283a46c354bd423238b11e0ac02e,2026-09-28T21:46:34+08:00,jinguoxing,electron/src/main/setup-progress.ts; electron/src/renderer/src/components/app-shell/status-runtime.ts,存在通用框架样板,与全部候选对的指标均低于高风险阈值：最高 raw=0.0845、idnorm-5gram=0.0929、最长公共块=3 行、独特字面量命中=0、独特注释命中=0（similarity-results.csv）,docs/001.md 记录对 VoiceStudio 的架构参考（设计参考已声明）；存在职责对应候选见 counterpart-map.csv,fetch 聚合多来源状态为通用模式,low,待人工确认,待人工确认,待人工确认,待人工确认,待人工确认,待指派,待指派,未开始,docs/provenance/batch-01/file-inventory.csv; docs/provenance/batch-01/counterpart-map.csv; docs/provenance/batch-01/similarity-results.csv
electron/preload/preload.ts,安全 Preload：contextBridge 暴露白名单动作桥与单一 runtime-status-changed 事件订阅（返回取消函数，不暴露 ipcRenderer）,ad9a39e5c9662101a36931aa7222040c903362bff632e4329970a905989150b3,8276d67e31ea283a46c354bd423238b11e0ac02e,2026-09-28T21:46:34+08:00,jinguoxing,electron/src/preload/index.ts; electron/src/main/ipc.ts,存在通用框架样板,与全部候选对的指标均低于高风险阈值：最高 raw=0.0574、idnorm-5gram=0.1742、最长公共块=3 行、独特字面量命中=0、独特注释命中=0（similarity-results.csv）,docs/001.md 记录对 VoiceStudio 的架构参考（设计参考已声明）；存在职责对应候选见 counterpart-map.csv,Electron 官方 contextBridge/ipcRenderer API 固定写法,low,待人工确认,待人工确认,待人工确认,待人工确认,待人工确认,待指派,待指派,未开始,docs/provenance/batch-01/file-inventory.csv; docs/provenance/batch-01/counterpart-map.csv; docs/provenance/batch-01/similarity-results.csv; docs/provenance/batch-01/evidence/semovix/electron__preload__preload.ts.first-commit.txt; docs/provenance/batch-01/evidence/semovix/electron__preload__preload.ts.history-summary.txt; docs/provenance/batch-01/evidence/semovix/electron__preload__preload.ts.blame-summary.txt
src/desktop/fileDialogs.ts,原生文件能力模式无关封装：桌面走桥（原生对话框+主进程读写字节），Web 回退 input[type=file] 与浏览器下载；pickFile/saveBytes/saveFromUrl,c9aa7e22ffb2cdff6355554fa6e6c7e94eec28b09accd063421591154d39cc9a,8233f23b2bff51602df72fb755dadbf7bb82f246,2026-09-28T22:13:55+08:00,jinguoxing,electron/src/main/ipc.ts; electron/src/main/save-filters.ts; docs/specs/longform/33-cue-sheet-export.md; electron/src/renderer/src/components/waveform-player.tsx; electron/src/renderer/src/features/clone/persona-export.tsx; electron/src/renderer/src/features/clone/profile-preview.tsx; electron/src/renderer/src/features/clone/reference-panel.tsx; electron/src/renderer/src/features/dub/dub-export-panel.tsx; electron/src/renderer/src/features/gallery/trim-audio.tsx; electron/src/renderer/src/features/integrations/twilio-setup.test.tsx; electron/src/renderer/src/features/integrations/twilio-setup.tsx; electron/src/renderer/src/features/longform/book-settings.tsx,存在通用框架样板,与全部候选对的指标均低于高风险阈值：最高 raw=0.0662、idnorm-5gram=0.1116、最长公共块=3 行、独特字面量命中=0、独特注释命中=0（similarity-results.csv）,docs/001.md 记录对 VoiceStudio 的架构参考（设计参考已声明）；存在职责对应候选见 counterpart-map.csv,浏览器 File/Blob/URL.createObjectURL/anchor download 标准 API；Electron 桥接惯例,low,待人工确认,待人工确认,待人工确认,待人工确认,待人工确认,待指派,待指派,未开始,docs/provenance/batch-01/file-inventory.csv; docs/provenance/batch-01/counterpart-map.csv; docs/provenance/batch-01/similarity-results.csv; docs/provenance/batch-01/evidence/semovix/src__desktop__fileDialogs.ts.first-commit.txt; docs/provenance/batch-01/evidence/semovix/src__desktop__fileDialogs.ts.history-summary.txt; docs/provenance/batch-01/evidence/semovix/src__desktop__fileDialogs.ts.blame-summary.txt
server/lib/safeFs.ts,安全文件边界：resolveWithin（resolve 包含校验+realpath 符号链接复核拒绝逃逸）、safeArchivePath（ZIP Slip 白名单）、解压限额常量,8480422d05a11febf8f4a29f02a5854e93a27d7582757d873389804a68de82e4,fb76cdf33add210a9161e3e14376adf119c8b037,2026-09-29T14:56:49+08:00,jinguoxing,backend/core/path_security.py; electron/src/main/watch-folders.ts; backend/api/routers/dub_export.py; backend/api/routers/generation.py; backend/main.py; backend/services/asr_backend.py; backend/services/incremental.py; backend/services/llm_providers.py; backend/services/media_tools.py; backend/services/sidecar_install.py; backend/services/subprocess_backend.py; backend/services/token_resolver.py,存在通用框架样板,与全部候选对的指标均低于高风险阈值：最高 raw=0.0659、idnorm-5gram=0.0557、最长公共块=2 行、独特字面量命中=0、独特注释命中=0（similarity-results.csv）,docs/001.md 记录对 VoiceStudio 的架构参考（设计参考已声明）；存在职责对应候选见 counterpart-map.csv；文件头注释自述『自 VoiceStudio 吸收、独立实现』,通用路径安全防护惯例（resolve+realpath 包含校验、ZIP Slip 白名单）,low,待人工确认,待人工确认,待人工确认,待人工确认,待人工确认,待指派,待指派,未开始,docs/provenance/batch-01/file-inventory.csv; docs/provenance/batch-01/counterpart-map.csv; docs/provenance/batch-01/similarity-results.csv; docs/provenance/batch-01/evidence/semovix/server__lib__safeFs.ts.first-commit.txt; docs/provenance/batch-01/evidence/semovix/server__lib__safeFs.ts.history-summary.txt; docs/provenance/batch-01/evidence/semovix/server__lib__safeFs.ts.blame-summary.txt
src/components/desktop/DesktopGate.tsx,桌面能力门控：preload 桥存在且未完成首配→全屏向导；已完成→运行时状态中心；Web 模式返回 null,9a13f000ebdec52f01ab46e69fa9c760b8013e76b6d65893d4ebd07cbab3b264,8276d67e31ea283a46c354bd423238b11e0ac02e,2026-09-28T21:46:34+08:00,jinguoxing,electron/src/renderer/src/components/backend-gate.tsx,未发现直接逐字复用信号,与全部候选对的指标均低于高风险阈值：最高 raw=0.0279、idnorm-5gram=0.0549、最长公共块=2 行、独特字面量命中=0、独特注释命中=0（similarity-results.csv）,docs/001.md 记录对 VoiceStudio 的架构参考（设计参考已声明）；存在职责对应候选见 counterpart-map.csv,React 条件渲染常规模式；Electron 官方 preload 桥接惯例,low,待人工确认,待人工确认,待人工确认,待人工确认,待人工确认,待指派,待指派,未开始,docs/provenance/batch-01/file-inventory.csv; docs/provenance/batch-01/counterpart-map.csv; docs/provenance/batch-01/similarity-results.csv
src/components/desktop/DesktopSetupWizard.tsx,首次启动向导：欢迎→素材目录→Python→设备→模型→Doctor→Worker 八步流程，模型六态映射与配置保存,ad174df8cc3f2b3c345b13e35bda59d942a09d60b5d335bec96dda25a6a5431c,8276d67e31ea283a46c354bd423238b11e0ac02e,2026-09-28T21:46:34+08:00,jinguoxing,electron/src/renderer/src/components/setup-gate.tsx; electron/src/shared/api/setup.ts; backend/api/routers/batch.py; backend/api/routers/capture.py; backend/api/routers/capture_ws.py; backend/api/routers/dub_core.py; backend/api/routers/dub_generate.py; backend/api/routers/dub_translate.py; backend/api/routers/gallery.py; backend/api/routers/generation.py; backend/api/routers/marketplace.py; backend/api/routers/profiles.py,存在高风险匹配,与全部候选对的指标均低于高风险阈值：最高 raw=0.0691、idnorm-5gram=0.1143、最长公共块=6 行、独特字面量命中=1、独特注释命中=0（similarity-results.csv）,docs/001.md 记录对 VoiceStudio 的架构参考（设计参考已声明）；存在职责对应候选见 counterpart-map.csv,React 分步向导常规模式,high,待人工确认,待人工确认,待人工确认,待人工确认,待人工确认,待指派,待指派,未开始,docs/provenance/batch-01/file-inventory.csv; docs/provenance/batch-01/counterpart-map.csv; docs/provenance/batch-01/similarity-results.csv
src/components/desktop/RuntimeStatusCenter.tsx,运行时状态中心：右下角常驻入口+面板三区（进程/引擎/环境）展示，Doctor 重跑、重启 Worker、打开日志、复制错误、手动检查更新,1a06ced874376f93bc424e97dbdbd343b430547dd2e37e41b560f42147c341d9,8276d67e31ea283a46c354bd423238b11e0ac02e,2026-09-28T21:46:34+08:00,jinguoxing,electron/src/renderer/src/components/app-shell/status-bar.tsx; electron/src/renderer/src/components/app-shell/status-runtime.ts; backend/api/routers/batch.py; backend/api/routers/dub_generate.py; backend/api/routers/dub_translate.py; backend/api/routers/generation.py; backend/api/routers/setup/download.py; backend/api/routers/tts_stream.py; backend/services/asr_backend.py; backend/services/dub_pipeline.py; electron/src/renderer/src/components/backend-gate.tsx; electron/src/renderer/src/features/clone/script-panel.tsx,存在高风险匹配,与全部候选对的指标均低于高风险阈值：最高 raw=0.0605、idnorm-5gram=0.1620、最长公共块=4 行、独特字面量命中=2、独特注释命中=0（similarity-results.csv）,docs/001.md 记录对 VoiceStudio 的架构参考（设计参考已声明）；存在职责对应候选见 counterpart-map.csv,React 轮询订阅常规模式,high,待人工确认,待人工确认,待人工确认,待人工确认,待人工确认,待指派,待指派,未开始,docs/provenance/batch-01/file-inventory.csv; docs/provenance/batch-01/counterpart-map.csv; docs/provenance/batch-01/similarity-results.csv
