semovix_path,voicestudio_path,subject_commit,comparison_commit,exact_sha256_match,normalized_sha256_match,raw_line_sequence_ratio,normalized_line_multiset_ratio,token_5gram_jaccard,identifier_normalized_token_5gram_jaccard,longest_common_block_lines,distinctive_literal_matches,distinctive_comment_matches,risk_flag,machine_notes
electron/main/index.ts,electron/src/main/index.ts,c5ebd8d220046afd52df34e3ec4982f3fae887b3,f832d616f7eb5ee8028b5c8924249a552638634a,false,false,0.0652,0.18,0.0474,0.2152,3,5,0,distinctive-literal-match,history-variant:vs-first；触发: distinctive-literal-match；共享独特字面量 5 条
electron/main/index.ts,electron/src/main/index.ts,c5ebd8d220046afd52df34e3ec4982f3fae887b3,d6348b56f2cc6ade2d4539e800fe253318353df1,false,false,0.0652,0.18,0.0474,0.2152,3,5,0,distinctive-literal-match,history-variant:vs-pre-semovix-first；触发: distinctive-literal-match；共享独特字面量 5 条
electron/main/index.ts,electron/src/main/index.ts,c5ebd8d220046afd52df34e3ec4982f3fae887b3,08a1592e3cb9b4c36beef5fa3185ec2313bb1fea,false,false,0.0649,0.1791,0.047,0.2144,3,5,0,distinctive-literal-match,触发: distinctive-literal-match；共享独特字面量 5 条
electron/main/index.ts,electron/src/main/index.ts,8276d67e31ea283a46c354bd423238b11e0ac02e,d6348b56f2cc6ade2d4539e800fe253318353df1,false,false,0.0687,0.186,0.0469,0.2088,3,5,0,distinctive-literal-match,history-variant:semovix-first_vs_vs-pre-semovix-first；触发: distinctive-literal-match；共享独特字面量 5 条
electron/main/index.ts,electron/src/main/index.ts,8276d67e31ea283a46c354bd423238b11e0ac02e,08a1592e3cb9b4c36beef5fa3185ec2313bb1fea,false,false,0.0684,0.1851,0.0465,0.208,3,5,0,distinctive-literal-match,history-variant:semovix-first_vs_vs-current；触发: distinctive-literal-match；共享独特字面量 5 条
electron/main/ipc.ts,electron/src/main/ipc.ts,c5ebd8d220046afd52df34e3ec4982f3fae887b3,f832d616f7eb5ee8028b5c8924249a552638634a,false,false,0.0791,0.087,0.0207,0.1741,3,2,0,distinctive-literal-match,history-variant:vs-first；触发: distinctive-literal-match；共享独特字面量 2 条
electron/main/ipc.ts,electron/src/main/ipc.ts,c5ebd8d220046afd52df34e3ec4982f3fae887b3,08a1592e3cb9b4c36beef5fa3185ec2313bb1fea,false,false,0.0799,0.0852,0.0204,0.1739,3,2,0,distinctive-literal-match,触发: distinctive-literal-match；共享独特字面量 2 条
electron/main/ipc.ts,electron/src/main/ipc.ts,c5ebd8d220046afd52df34e3ec4982f3fae887b3,a2f5630bac980122a652e7258dd17063b2c20a0f,false,false,0.0799,0.0852,0.0204,0.1739,3,2,0,distinctive-literal-match,history-variant:vs-pre-semovix-first；触发: distinctive-literal-match；共享独特字面量 2 条
electron/main/ipc.ts,electron/src/main/ipc.ts,8276d67e31ea283a46c354bd423238b11e0ac02e,a2f5630bac980122a652e7258dd17063b2c20a0f,false,false,0.0732,0.0669,0.02,0.1577,3,2,0,distinctive-literal-match,history-variant:semovix-first_vs_vs-pre-semovix-first；触发: distinctive-literal-match；共享独特字面量 2 条
electron/main/ipc.ts,electron/src/main/ipc.ts,8276d67e31ea283a46c354bd423238b11e0ac02e,08a1592e3cb9b4c36beef5fa3185ec2313bb1fea,false,false,0.0732,0.0669,0.02,0.1577,3,2,0,distinctive-literal-match,history-variant:semovix-first_vs_vs-current；触发: distinctive-literal-match；共享独特字面量 2 条
src/components/desktop/RuntimeStatusCenter.tsx,electron/src/renderer/src/components/app-shell/status-bar.tsx,c5ebd8d220046afd52df34e3ec4982f3fae887b3,08a1592e3cb9b4c36beef5fa3185ec2313bb1fea,false,false,0.026,0.1296,0.0185,0.1433,4,2,0,distinctive-literal-match,触发: distinctive-literal-match；共享独特字面量 2 条
electron/main/index.ts,electron/src/main/blank-window-guard.ts,c5ebd8d220046afd52df34e3ec4982f3fae887b3,08a1592e3cb9b4c36beef5fa3185ec2313bb1fea,false,false,0.0514,0.0943,0.0116,0.1158,3,1,0,distinctive-literal-match,触发: distinctive-literal-match；共享独特字面量 1 条
electron/main/index.ts,electron/src/main/blank-window-guard.ts,c5ebd8d220046afd52df34e3ec4982f3fae887b3,f832d616f7eb5ee8028b5c8924249a552638634a,false,false,0.0514,0.0943,0.0116,0.1158,3,1,0,distinctive-literal-match,history-variant:vs-first；触发: distinctive-literal-match；共享独特字面量 1 条
electron/main/index.ts,electron/src/main/blank-window-guard.ts,8276d67e31ea283a46c354bd423238b11e0ac02e,f832d616f7eb5ee8028b5c8924249a552638634a,false,false,0.0553,0.0964,0.0103,0.1091,3,1,0,distinctive-literal-match,history-variant:semovix-first_vs_vs-pre-semovix-first；触发: distinctive-literal-match；共享独特字面量 1 条
electron/main/index.ts,electron/src/main/blank-window-guard.ts,8276d67e31ea283a46c354bd423238b11e0ac02e,08a1592e3cb9b4c36beef5fa3185ec2313bb1fea,false,false,0.0553,0.0964,0.0103,0.1091,3,1,0,distinctive-literal-match,history-variant:semovix-first_vs_vs-current；触发: distinctive-literal-match；共享独特字面量 1 条
src/components/desktop/DesktopSetupWizard.tsx,backend/api/routers/capture_ws.py,c5ebd8d220046afd52df34e3ec4982f3fae887b3,08a1592e3cb9b4c36beef5fa3185ec2313bb1fea,false,false,0.0326,0.0012,0.0,0.0143,2,1,0,distinctive-literal-match,跨语言对：结构指标不做同语言解释；触发: distinctive-literal-match；共享独特字面量 1 条
electron/main/lib/supervisors.ts,electron/src/main/backend.ts,c5ebd8d220046afd52df34e3ec4982f3fae887b3,f832d616f7eb5ee8028b5c8924249a552638634a,false,false,0.0528,0.1518,0.0392,0.1765,5,0,0,low-signal,history-variant:vs-first；
electron/preload/preload.ts,electron/src/preload/index.ts,c5ebd8d220046afd52df34e3ec4982f3fae887b3,f832d616f7eb5ee8028b5c8924249a552638634a,false,false,0.0591,0.0412,0.0175,0.1751,3,0,0,low-signal,history-variant:vs-first；
electron/preload/preload.ts,electron/src/preload/index.ts,8276d67e31ea283a46c354bd423238b11e0ac02e,a2f5630bac980122a652e7258dd17063b2c20a0f,false,false,0.0609,0.0426,0.0179,0.1742,3,0,0,low-signal,history-variant:semovix-first_vs_vs-pre-semovix-first；
electron/preload/preload.ts,electron/src/preload/index.ts,8276d67e31ea283a46c354bd423238b11e0ac02e,08a1592e3cb9b4c36beef5fa3185ec2313bb1fea,false,false,0.0609,0.0426,0.0179,0.1742,3,0,0,low-signal,history-variant:semovix-first_vs_vs-current；
electron/preload/preload.ts,electron/src/preload/index.ts,c5ebd8d220046afd52df34e3ec4982f3fae887b3,08a1592e3cb9b4c36beef5fa3185ec2313bb1fea,false,false,0.0574,0.04,0.0169,0.1742,3,0,0,low-signal,
electron/preload/preload.ts,electron/src/preload/index.ts,c5ebd8d220046afd52df34e3ec4982f3fae887b3,a2f5630bac980122a652e7258dd17063b2c20a0f,false,false,0.0574,0.04,0.0169,0.1742,3,0,0,low-signal,history-variant:vs-pre-semovix-first；
electron/main/lib/supervisors.ts,electron/src/main/backend.ts,c5ebd8d220046afd52df34e3ec4982f3fae887b3,08a1592e3cb9b4c36beef5fa3185ec2313bb1fea,false,false,0.049,0.1401,0.0372,0.1724,5,0,0,low-signal,
electron/main/lib/supervisors.ts,electron/src/main/backend.ts,c5ebd8d220046afd52df34e3ec4982f3fae887b3,19017013408a29e3e64cb1d224a9c35e4d8df8cb,false,false,0.049,0.1401,0.0372,0.1724,5,0,0,low-signal,history-variant:vs-pre-semovix-first；
electron/main/lib/supervisors.ts,electron/src/main/backend.ts,8276d67e31ea283a46c354bd423238b11e0ac02e,19017013408a29e3e64cb1d224a9c35e4d8df8cb,false,false,0.05,0.1381,0.0373,0.1665,5,0,0,low-signal,history-variant:semovix-first_vs_vs-pre-semovix-first；
electron/main/lib/supervisors.ts,electron/src/main/backend.ts,8276d67e31ea283a46c354bd423238b11e0ac02e,08a1592e3cb9b4c36beef5fa3185ec2313bb1fea,false,false,0.05,0.1381,0.0373,0.1665,5,0,0,low-signal,history-variant:semovix-first_vs_vs-current；
src/components/desktop/RuntimeStatusCenter.tsx,electron/src/renderer/src/features/clone/script-panel.tsx,c5ebd8d220046afd52df34e3ec4982f3fae887b3,08a1592e3cb9b4c36beef5fa3185ec2313bb1fea,false,false,0.0353,0.1305,0.0224,0.162,3,0,0,low-signal,
electron/main/lib/doctorRunner.ts,electron/src/main/repair-agents.ts,c5ebd8d220046afd52df34e3ec4982f3fae887b3,08a1592e3cb9b4c36beef5fa3185ec2313bb1fea,false,false,0.0401,0.0913,0.029,0.1588,5,0,0,low-signal,
src/components/desktop/RuntimeStatusCenter.tsx,electron/src/renderer/src/components/backend-gate.tsx,c5ebd8d220046afd52df34e3ec4982f3fae887b3,08a1592e3cb9b4c36beef5fa3185ec2313bb1fea,false,false,0.0591,0.1584,0.0186,0.1529,3,0,0,low-signal,
electron/main/context.ts,electron/src/main/backend.ts,c5ebd8d220046afd52df34e3ec4982f3fae887b3,08a1592e3cb9b4c36beef5fa3185ec2313bb1fea,false,false,0.0476,0.0885,0.0134,0.1438,3,0,0,low-signal,
electron/main/lib/ports.ts,electron/src/main/backend-port.ts,c5ebd8d220046afd52df34e3ec4982f3fae887b3,08a1592e3cb9b4c36beef5fa3185ec2313bb1fea,false,false,0.1127,0.1791,0.0763,0.1395,4,0,0,low-signal,
electron/main/lib/supervisors.ts,electron/src/main/runtime-project.ts,c5ebd8d220046afd52df34e3ec4982f3fae887b3,08a1592e3cb9b4c36beef5fa3185ec2313bb1fea,false,false,0.0283,0.1718,0.0116,0.1153,5,0,0,low-signal,
src/components/desktop/DesktopSetupWizard.tsx,electron/src/renderer/src/components/setup-gate.tsx,c5ebd8d220046afd52df34e3ec4982f3fae887b3,08a1592e3cb9b4c36beef5fa3185ec2313bb1fea,false,false,0.0593,0.1234,0.0209,0.1143,6,0,0,low-signal,
electron/main/lib/managedRuntime.ts,electron/src/main/runtime-download.ts,c5ebd8d220046afd52df34e3ec4982f3fae887b3,08a1592e3cb9b4c36beef5fa3185ec2313bb1fea,false,false,0.0269,0.0941,0.0127,0.1139,3,0,0,low-signal,
electron/main/lib/managedRuntime.ts,electron/src/main/runtime-download.ts,c5ebd8d220046afd52df34e3ec4982f3fae887b3,0f78dc91e06b1078a1bd403a2453c989cc6784b3,false,false,0.0269,0.0941,0.0127,0.1139,3,0,0,low-signal,history-variant:vs-pre-semovix-first；
electron/main/lib/managedRuntime.ts,electron/src/main/runtime-download.ts,0545af162bb4a7bc9bef0d760de819f740c6110f,0f78dc91e06b1078a1bd403a2453c989cc6784b3,false,false,0.0269,0.0941,0.0127,0.1139,3,0,0,low-signal,history-variant:semovix-first_vs_vs-pre-semovix-first；
electron/main/lib/managedRuntime.ts,electron/src/main/runtime-download.ts,0545af162bb4a7bc9bef0d760de819f740c6110f,08a1592e3cb9b4c36beef5fa3185ec2313bb1fea,false,false,0.0269,0.0941,0.0127,0.1139,3,0,0,low-signal,history-variant:semovix-first_vs_vs-current；
electron/main/lib/supervisors.ts,electron/src/main/runtime-project.ts,c5ebd8d220046afd52df34e3ec4982f3fae887b3,fe42376d3c76399861de129b9d084796a0d089a1,false,false,0.0284,0.1667,0.0117,0.1138,5,0,0,low-signal,history-variant:vs-pre-semovix-first；
electron/main/lib/supervisors.ts,electron/src/main/runtime-project.ts,8276d67e31ea283a46c354bd423238b11e0ac02e,08a1592e3cb9b4c36beef5fa3185ec2313bb1fea,false,false,0.0292,0.1758,0.0117,0.1098,5,0,0,low-signal,history-variant:semovix-first_vs_vs-current；
electron/main/lib/supervisors.ts,electron/src/main/runtime-project.ts,8276d67e31ea283a46c354bd423238b11e0ac02e,fe42376d3c76399861de129b9d084796a0d089a1,false,false,0.0294,0.1727,0.0117,0.1087,5,0,0,low-signal,history-variant:semovix-first_vs_vs-pre-semovix-first；
electron/main/lib/supervisors.ts,electron/src/main/runtime-project.ts,c5ebd8d220046afd52df34e3ec4982f3fae887b3,f832d616f7eb5ee8028b5c8924249a552638634a,false,false,0.0321,0.1546,0.0104,0.1074,5,0,0,low-signal,history-variant:vs-first；
electron/main/lib/managedRuntime.ts,electron/src/main/runtime-download.ts,c5ebd8d220046afd52df34e3ec4982f3fae887b3,2f12db10c34328ef09a11b019635febd44420bb6,false,false,0.0278,0.0805,0.0123,0.1027,3,0,0,low-signal,history-variant:vs-first；
electron/main/index.ts,electron/src/renderer/src/i18n/index.ts,8276d67e31ea283a46c354bd423238b11e0ac02e,58a306fddd0139cb3fcfc4948189a3bb5b4a5ae3,false,false,0.0688,0.0879,0.0051,0.0987,2,0,0,low-signal,history-variant:semovix-first_vs_vs-pre-semovix-first；
electron/main/index.ts,electron/src/renderer/src/i18n/index.ts,8276d67e31ea283a46c354bd423238b11e0ac02e,08a1592e3cb9b4c36beef5fa3185ec2313bb1fea,false,false,0.0688,0.0879,0.0051,0.0987,2,0,0,low-signal,history-variant:semovix-first_vs_vs-current；
electron/main/lib/runtimeStatus.ts,electron/src/renderer/src/components/app-shell/status-runtime.ts,c5ebd8d220046afd52df34e3ec4982f3fae887b3,08a1592e3cb9b4c36beef5fa3185ec2313bb1fea,false,false,0.0845,0.0722,0.0066,0.0929,3,0,0,low-signal,
electron/main/index.ts,electron/src/renderer/src/i18n/index.ts,c5ebd8d220046afd52df34e3ec4982f3fae887b3,08a1592e3cb9b4c36beef5fa3185ec2313bb1fea,false,false,0.0636,0.0812,0.0051,0.0915,2,0,0,low-signal,
electron/main/index.ts,electron/src/renderer/src/i18n/index.ts,c5ebd8d220046afd52df34e3ec4982f3fae887b3,58a306fddd0139cb3fcfc4948189a3bb5b4a5ae3,false,false,0.0636,0.0812,0.0051,0.0915,2,0,0,low-signal,history-variant:vs-pre-semovix-first；
src/desktop/fileDialogs.ts,electron/src/main/ipc.ts,c5ebd8d220046afd52df34e3ec4982f3fae887b3,f832d616f7eb5ee8028b5c8924249a552638634a,false,false,0.0397,0.0448,0.0082,0.0911,3,0,0,low-signal,history-variant:vs-first；
src/desktop/fileDialogs.ts,electron/src/main/ipc.ts,c5ebd8d220046afd52df34e3ec4982f3fae887b3,08a1592e3cb9b4c36beef5fa3185ec2313bb1fea,false,false,0.0389,0.0438,0.008,0.091,3,0,0,low-signal,
src/desktop/fileDialogs.ts,electron/src/main/ipc.ts,c5ebd8d220046afd52df34e3ec4982f3fae887b3,a2f5630bac980122a652e7258dd17063b2c20a0f,false,false,0.0389,0.0438,0.008,0.091,3,0,0,low-signal,history-variant:vs-pre-semovix-first；
src/desktop/fileDialogs.ts,electron/src/main/ipc.ts,8233f23b2bff51602df72fb755dadbf7bb82f246,a2f5630bac980122a652e7258dd17063b2c20a0f,false,false,0.0389,0.0439,0.008,0.0876,3,0,0,low-signal,history-variant:semovix-first_vs_vs-pre-semovix-first；
src/desktop/fileDialogs.ts,electron/src/main/ipc.ts,8233f23b2bff51602df72fb755dadbf7bb82f246,08a1592e3cb9b4c36beef5fa3185ec2313bb1fea,false,false,0.0389,0.0439,0.008,0.0876,3,0,0,low-signal,history-variant:semovix-first_vs_vs-current；
electron/main/index.ts,electron/src/renderer/src/i18n/index.ts,c5ebd8d220046afd52df34e3ec4982f3fae887b3,f832d616f7eb5ee8028b5c8924249a552638634a,false,false,0.0639,0.0816,0.0051,0.0874,3,0,0,low-signal,history-variant:vs-first；
electron/main/index.ts,electron/src/shared/i18n/index.ts,8276d67e31ea283a46c354bd423238b11e0ac02e,29c8a132604bd6befaf8dd3355862a2977432d54,false,false,0.0802,0.0663,0.005,0.0826,3,0,0,low-signal,history-variant:semovix-first_vs_vs-pre-semovix-first；
electron/main/index.ts,electron/src/shared/i18n/index.ts,8276d67e31ea283a46c354bd423238b11e0ac02e,08a1592e3cb9b4c36beef5fa3185ec2313bb1fea,false,false,0.0802,0.0663,0.005,0.0826,3,0,0,low-signal,history-variant:semovix-first_vs_vs-current；
electron/main/index.ts,electron/src/shared/i18n/index.ts,c5ebd8d220046afd52df34e3ec4982f3fae887b3,08a1592e3cb9b4c36beef5fa3185ec2313bb1fea,false,false,0.0741,0.0612,0.005,0.0801,3,0,0,low-signal,
electron/main/index.ts,electron/src/shared/i18n/index.ts,c5ebd8d220046afd52df34e3ec4982f3fae887b3,29c8a132604bd6befaf8dd3355862a2977432d54,false,false,0.0741,0.0612,0.005,0.0801,3,0,0,low-signal,history-variant:vs-first；
electron/main/lib/managedRuntime.ts,electron/src/main/setup-progress.ts,c5ebd8d220046afd52df34e3ec4982f3fae887b3,08a1592e3cb9b4c36beef5fa3185ec2313bb1fea,false,false,0.0384,0.0681,0.0033,0.0735,3,0,0,low-signal,
electron/main/lib/managedRuntime.ts,electron/src/main/setup-progress.ts,c5ebd8d220046afd52df34e3ec4982f3fae887b3,f832d616f7eb5ee8028b5c8924249a552638634a,false,false,0.0384,0.0681,0.0033,0.0735,3,0,0,low-signal,history-variant:vs-first；
electron/main/lib/managedRuntime.ts,electron/src/main/setup-progress.ts,0545af162bb4a7bc9bef0d760de819f740c6110f,f832d616f7eb5ee8028b5c8924249a552638634a,false,false,0.0384,0.0681,0.0033,0.0735,3,0,0,low-signal,history-variant:semovix-first_vs_vs-pre-semovix-first；
electron/main/lib/managedRuntime.ts,electron/src/main/setup-progress.ts,0545af162bb4a7bc9bef0d760de819f740c6110f,08a1592e3cb9b4c36beef5fa3185ec2313bb1fea,false,false,0.0384,0.0681,0.0033,0.0735,3,0,0,low-signal,history-variant:semovix-first_vs_vs-current；
electron/main/lib/orphanReaper.ts,electron/src/main/data-relocation.ts,c5ebd8d220046afd52df34e3ec4982f3fae887b3,08a1592e3cb9b4c36beef5fa3185ec2313bb1fea,false,false,0.0896,0.0853,0.011,0.0683,3,0,0,low-signal,
electron/main/index.ts,electron/src/shared/store/index.ts,c5ebd8d220046afd52df34e3ec4982f3fae887b3,08a1592e3cb9b4c36beef5fa3185ec2313bb1fea,false,false,0.0638,0.0536,0.0003,0.0611,2,0,0,low-signal,
electron/main/index.ts,electron/src/shared/store/index.ts,c5ebd8d220046afd52df34e3ec4982f3fae887b3,29c8a132604bd6befaf8dd3355862a2977432d54,false,false,0.0638,0.0536,0.0003,0.0611,2,0,0,low-signal,history-variant:vs-first；
electron/main/lib/runtimeStatus.ts,electron/src/main/setup-progress.ts,c5ebd8d220046afd52df34e3ec4982f3fae887b3,08a1592e3cb9b4c36beef5fa3185ec2313bb1fea,false,false,0.047,0.1037,0.0015,0.0587,3,0,0,low-signal,
electron/main/index.ts,electron/src/shared/store/index.ts,8276d67e31ea283a46c354bd423238b11e0ac02e,29c8a132604bd6befaf8dd3355862a2977432d54,false,false,0.0678,0.0569,0.0003,0.0565,2,0,0,low-signal,history-variant:semovix-first_vs_vs-pre-semovix-first；
electron/main/index.ts,electron/src/shared/store/index.ts,8276d67e31ea283a46c354bd423238b11e0ac02e,08a1592e3cb9b4c36beef5fa3185ec2313bb1fea,false,false,0.0678,0.0569,0.0003,0.0565,2,0,0,low-signal,history-variant:semovix-first_vs_vs-current；
server/lib/safeFs.ts,electron/src/main/watch-folders.ts,c5ebd8d220046afd52df34e3ec4982f3fae887b3,08a1592e3cb9b4c36beef5fa3185ec2313bb1fea,false,false,0.0261,0.045,0.0043,0.0557,2,0,0,low-signal,
server/lib/safeFs.ts,electron/src/main/watch-folders.ts,c5ebd8d220046afd52df34e3ec4982f3fae887b3,f832d616f7eb5ee8028b5c8924249a552638634a,false,false,0.0261,0.045,0.0043,0.0557,2,0,0,low-signal,history-variant:vs-first；
server/lib/safeFs.ts,electron/src/main/watch-folders.ts,fb76cdf33add210a9161e3e14376adf119c8b037,f832d616f7eb5ee8028b5c8924249a552638634a,false,false,0.0261,0.045,0.0043,0.0557,2,0,0,low-signal,history-variant:semovix-first_vs_vs-pre-semovix-first；
server/lib/safeFs.ts,electron/src/main/watch-folders.ts,fb76cdf33add210a9161e3e14376adf119c8b037,08a1592e3cb9b4c36beef5fa3185ec2313bb1fea,false,false,0.0261,0.045,0.0043,0.0557,2,0,0,low-signal,history-variant:semovix-first_vs_vs-current；
src/components/desktop/DesktopGate.tsx,electron/src/renderer/src/components/backend-gate.tsx,c5ebd8d220046afd52df34e3ec4982f3fae887b3,08a1592e3cb9b4c36beef5fa3185ec2313bb1fea,false,false,0.0279,0.0252,0.0068,0.0549,2,0,0,low-signal,
electron/main/lib/orphanReaper.ts,electron/src/shared/utils/backendCrash.ts,c5ebd8d220046afd52df34e3ec4982f3fae887b3,08a1592e3cb9b4c36beef5fa3185ec2313bb1fea,false,false,0.0517,0.0543,0.0082,0.0519,5,0,0,low-signal,
electron/main/index.ts,electron/src/preload/index.ts,8276d67e31ea283a46c354bd423238b11e0ac02e,a2f5630bac980122a652e7258dd17063b2c20a0f,false,false,0.0239,0.0362,0.0055,0.0502,2,0,0,low-signal,history-variant:semovix-first_vs_vs-pre-semovix-first；
electron/main/index.ts,electron/src/preload/index.ts,8276d67e31ea283a46c354bd423238b11e0ac02e,08a1592e3cb9b4c36beef5fa3185ec2313bb1fea,false,false,0.0239,0.0362,0.0055,0.0502,2,0,0,low-signal,history-variant:semovix-first_vs_vs-current；
electron/main/index.ts,electron/src/preload/index.ts,c5ebd8d220046afd52df34e3ec4982f3fae887b3,f832d616f7eb5ee8028b5c8924249a552638634a,false,false,0.0224,0.0389,0.0055,0.05,2,0,0,low-signal,history-variant:vs-first；
electron/main/index.ts,electron/src/preload/index.ts,c5ebd8d220046afd52df34e3ec4982f3fae887b3,08a1592e3cb9b4c36beef5fa3185ec2313bb1fea,false,false,0.0221,0.0384,0.0054,0.05,2,0,0,low-signal,
electron/main/index.ts,electron/src/preload/index.ts,c5ebd8d220046afd52df34e3ec4982f3fae887b3,a2f5630bac980122a652e7258dd17063b2c20a0f,false,false,0.0221,0.0384,0.0054,0.05,2,0,0,low-signal,history-variant:vs-pre-semovix-first；
electron/main/index.ts,electron/src/renderer/src/routes/index.ts,8276d67e31ea283a46c354bd423238b11e0ac02e,a2f5630bac980122a652e7258dd17063b2c20a0f,false,false,0.0277,0.0602,0.0026,0.0484,3,0,0,low-signal,history-variant:semovix-first_vs_vs-pre-semovix-first；
electron/main/index.ts,electron/src/renderer/src/routes/index.ts,8276d67e31ea283a46c354bd423238b11e0ac02e,08a1592e3cb9b4c36beef5fa3185ec2313bb1fea,false,false,0.0277,0.0602,0.0026,0.0484,3,0,0,low-signal,history-variant:semovix-first_vs_vs-current；
electron/main/index.ts,electron/src/renderer/src/routes/index.ts,c5ebd8d220046afd52df34e3ec4982f3fae887b3,08a1592e3cb9b4c36beef5fa3185ec2313bb1fea,false,false,0.0262,0.0605,0.0031,0.0466,2,0,0,low-signal,
electron/main/index.ts,electron/src/renderer/src/routes/index.ts,c5ebd8d220046afd52df34e3ec4982f3fae887b3,a2f5630bac980122a652e7258dd17063b2c20a0f,false,false,0.0262,0.0605,0.0031,0.0466,2,0,0,low-signal,history-variant:vs-pre-semovix-first；
electron/main/lib/orphanReaper.ts,electron/src/main/dictation-output.ts,c5ebd8d220046afd52df34e3ec4982f3fae887b3,08a1592e3cb9b4c36beef5fa3185ec2313bb1fea,false,false,0.0437,0.1221,0.0067,0.0443,3,0,0,low-signal,
electron/main/ipc.ts,electron/src/main/save-filters.ts,c5ebd8d220046afd52df34e3ec4982f3fae887b3,08a1592e3cb9b4c36beef5fa3185ec2313bb1fea,false,false,0.0275,0.0103,0.0,0.043,2,0,0,low-signal,
electron/main/ipc.ts,electron/src/main/save-filters.ts,c5ebd8d220046afd52df34e3ec4982f3fae887b3,f832d616f7eb5ee8028b5c8924249a552638634a,false,false,0.0275,0.0103,0.0,0.043,2,0,0,low-signal,history-variant:vs-first；
electron/main/lib/orphanReaper.ts,electron/src/main/backend-port.test.ts,c5ebd8d220046afd52df34e3ec4982f3fae887b3,08a1592e3cb9b4c36beef5fa3185ec2313bb1fea,false,false,0.0538,0.0506,0.0,0.0406,1,0,0,low-signal,
electron/main/ipc.ts,electron/src/main/save-filters.ts,8276d67e31ea283a46c354bd423238b11e0ac02e,f832d616f7eb5ee8028b5c8924249a552638634a,false,false,0.0455,0.0174,0.0,0.0397,2,0,0,low-signal,history-variant:semovix-first_vs_vs-pre-semovix-first；
electron/main/ipc.ts,electron/src/main/save-filters.ts,8276d67e31ea283a46c354bd423238b11e0ac02e,08a1592e3cb9b4c36beef5fa3185ec2313bb1fea,false,false,0.0455,0.0174,0.0,0.0397,2,0,0,low-signal,history-variant:semovix-first_vs_vs-current；
electron/main/lib/orphanReaper.ts,electron/src/main/backend-setup.test.ts,c5ebd8d220046afd52df34e3ec4982f3fae887b3,08a1592e3cb9b4c36beef5fa3185ec2313bb1fea,false,false,0.0211,0.0098,0.0,0.0379,2,0,0,low-signal,
electron/main/lib/orphanReaper.ts,electron/src/main/backend.ts,c5ebd8d220046afd52df34e3ec4982f3fae887b3,08a1592e3cb9b4c36beef5fa3185ec2313bb1fea,false,false,0.0291,0.0293,0.0047,0.0378,5,0,0,low-signal,
electron/main/lib/orphanReaper.ts,electron/src/main/dictation-output.test.ts,c5ebd8d220046afd52df34e3ec4982f3fae887b3,08a1592e3cb9b4c36beef5fa3185ec2313bb1fea,false,false,0.0565,0.0123,0.0,0.0373,1,0,0,low-signal,
electron/preload/preload.ts,electron/src/main/ipc.ts,c5ebd8d220046afd52df34e3ec4982f3fae887b3,f832d616f7eb5ee8028b5c8924249a552638634a,false,false,0.0203,0.0092,0.0015,0.0372,2,0,0,low-signal,history-variant:vs-first；
electron/preload/preload.ts,electron/src/main/ipc.ts,8276d67e31ea283a46c354bd423238b11e0ac02e,a2f5630bac980122a652e7258dd17063b2c20a0f,false,false,0.0201,0.0091,0.0015,0.0371,2,0,0,low-signal,history-variant:semovix-first_vs_vs-pre-semovix-first；
electron/preload/preload.ts,electron/src/main/ipc.ts,8276d67e31ea283a46c354bd423238b11e0ac02e,08a1592e3cb9b4c36beef5fa3185ec2313bb1fea,false,false,0.0201,0.0091,0.0015,0.0371,2,0,0,low-signal,history-variant:semovix-first_vs_vs-current；
electron/preload/preload.ts,electron/src/main/ipc.ts,c5ebd8d220046afd52df34e3ec4982f3fae887b3,08a1592e3cb9b4c36beef5fa3185ec2313bb1fea,false,false,0.0198,0.009,0.0014,0.0371,2,0,0,low-signal,
electron/preload/preload.ts,electron/src/main/ipc.ts,c5ebd8d220046afd52df34e3ec4982f3fae887b3,a2f5630bac980122a652e7258dd17063b2c20a0f,false,false,0.0198,0.009,0.0014,0.0371,2,0,0,low-signal,history-variant:vs-pre-semovix-first；
electron/main/index.ts,electron/src/renderer/src/routes/index.ts,c5ebd8d220046afd52df34e3ec4982f3fae887b3,f832d616f7eb5ee8028b5c8924249a552638634a,false,false,0.0281,0.0651,0.0021,0.0354,2,0,0,low-signal,history-variant:vs-first；
electron/main/lib/managedRuntime.ts,electron/src/main/backend-download.ts,c5ebd8d220046afd52df34e3ec4982f3fae887b3,08a1592e3cb9b4c36beef5fa3185ec2313bb1fea,false,false,0.0227,0.0195,0.0022,0.0352,2,0,0,low-signal,
electron/main/lib/managedRuntime.ts,electron/src/main/backend-download.ts,c5ebd8d220046afd52df34e3ec4982f3fae887b3,f832d616f7eb5ee8028b5c8924249a552638634a,false,false,0.0227,0.0195,0.0022,0.0352,2,0,0,low-signal,history-variant:vs-first；
electron/main/lib/managedRuntime.ts,electron/src/main/backend-download.ts,0545af162bb4a7bc9bef0d760de819f740c6110f,f832d616f7eb5ee8028b5c8924249a552638634a,false,false,0.0227,0.0195,0.0022,0.0352,2,0,0,low-signal,history-variant:semovix-first_vs_vs-pre-semovix-first；
electron/main/lib/managedRuntime.ts,electron/src/main/backend-download.ts,0545af162bb4a7bc9bef0d760de819f740c6110f,08a1592e3cb9b4c36beef5fa3185ec2313bb1fea,false,false,0.0227,0.0195,0.0022,0.0352,2,0,0,low-signal,history-variant:semovix-first_vs_vs-current；
src/desktop/fileDialogs.ts,electron/src/main/save-filters.ts,8233f23b2bff51602df72fb755dadbf7bb82f246,f832d616f7eb5ee8028b5c8924249a552638634a,false,false,0.0435,0.0159,0.0,0.0331,2,0,0,low-signal,history-variant:semovix-first_vs_vs-pre-semovix-first；
src/desktop/fileDialogs.ts,electron/src/main/save-filters.ts,8233f23b2bff51602df72fb755dadbf7bb82f246,08a1592e3cb9b4c36beef5fa3185ec2313bb1fea,false,false,0.0435,0.0159,0.0,0.0331,2,0,0,low-signal,history-variant:semovix-first_vs_vs-current；
src/desktop/fileDialogs.ts,electron/src/main/save-filters.ts,c5ebd8d220046afd52df34e3ec4982f3fae887b3,08a1592e3cb9b4c36beef5fa3185ec2313bb1fea,false,false,0.0432,0.0157,0.0,0.033,2,0,0,low-signal,
src/desktop/fileDialogs.ts,electron/src/main/save-filters.ts,c5ebd8d220046afd52df34e3ec4982f3fae887b3,f832d616f7eb5ee8028b5c8924249a552638634a,false,false,0.0432,0.0157,0.0,0.033,2,0,0,low-signal,history-variant:vs-first；
src/desktop/fileDialogs.ts,electron/src/renderer/src/features/clone/persona-export.tsx,c5ebd8d220046afd52df34e3ec4982f3fae887b3,08a1592e3cb9b4c36beef5fa3185ec2313bb1fea,false,false,0.0413,0.0699,0.0236,0.1116,2,0,0,not-comparable,跨语言对：结构指标不做同语言解释
src/desktop/fileDialogs.ts,electron/src/renderer/src/features/clone/persona-export.tsx,c5ebd8d220046afd52df34e3ec4982f3fae887b3,f832d616f7eb5ee8028b5c8924249a552638634a,false,false,0.0413,0.0699,0.0236,0.1116,2,0,0,not-comparable,history-variant:vs-first；跨语言对：结构指标不做同语言解释
electron/main/lib/supervisors.ts,scripts/dev-backend.mjs,8276d67e31ea283a46c354bd423238b11e0ac02e,2127aa771653628602a9d2f6b2cb16a9f67802ec,false,false,0.0446,0.1641,0.0152,0.1066,5,0,0,not-comparable,history-variant:semovix-first_vs_vs-pre-semovix-first；跨语言对：结构指标不做同语言解释
electron/main/lib/supervisors.ts,scripts/dev-backend.mjs,8276d67e31ea283a46c354bd423238b11e0ac02e,08a1592e3cb9b4c36beef5fa3185ec2313bb1fea,false,false,0.0446,0.1641,0.0152,0.1066,5,0,0,not-comparable,history-variant:semovix-first_vs_vs-current；跨语言对：结构指标不做同语言解释
electron/main/lib/supervisors.ts,scripts/dev-backend.mjs,c5ebd8d220046afd52df34e3ec4982f3fae887b3,08a1592e3cb9b4c36beef5fa3185ec2313bb1fea,false,false,0.0428,0.1567,0.0144,0.1065,5,0,0,not-comparable,跨语言对：结构指标不做同语言解释
electron/main/lib/supervisors.ts,scripts/dev-backend.mjs,c5ebd8d220046afd52df34e3ec4982f3fae887b3,2127aa771653628602a9d2f6b2cb16a9f67802ec,false,false,0.0428,0.1567,0.0144,0.1065,5,0,0,not-comparable,history-variant:vs-pre-semovix-first；跨语言对：结构指标不做同语言解释
src/desktop/fileDialogs.ts,electron/src/renderer/src/components/waveform-player.tsx,c5ebd8d220046afd52df34e3ec4982f3fae887b3,08a1592e3cb9b4c36beef5fa3185ec2313bb1fea,false,false,0.0287,0.0417,0.0053,0.1059,2,0,0,not-comparable,跨语言对：结构指标不做同语言解释
src/desktop/fileDialogs.ts,electron/src/renderer/src/components/waveform-player.tsx,c5ebd8d220046afd52df34e3ec4982f3fae887b3,f832d616f7eb5ee8028b5c8924249a552638634a,false,false,0.0287,0.0417,0.0053,0.1059,2,0,0,not-comparable,history-variant:vs-first；跨语言对：结构指标不做同语言解释
src/desktop/fileDialogs.ts,electron/src/renderer/src/features/clone/persona-export.tsx,8233f23b2bff51602df72fb755dadbf7bb82f246,f832d616f7eb5ee8028b5c8924249a552638634a,false,false,0.0415,0.0702,0.0237,0.1056,2,0,0,not-comparable,history-variant:semovix-first_vs_vs-pre-semovix-first；跨语言对：结构指标不做同语言解释
src/desktop/fileDialogs.ts,electron/src/renderer/src/features/clone/persona-export.tsx,8233f23b2bff51602df72fb755dadbf7bb82f246,08a1592e3cb9b4c36beef5fa3185ec2313bb1fea,false,false,0.0415,0.0702,0.0237,0.1056,2,0,0,not-comparable,history-variant:semovix-first_vs_vs-current；跨语言对：结构指标不做同语言解释
src/desktop/fileDialogs.ts,electron/src/renderer/src/components/waveform-player.tsx,8233f23b2bff51602df72fb755dadbf7bb82f246,f832d616f7eb5ee8028b5c8924249a552638634a,false,false,0.0287,0.0418,0.0053,0.1023,2,0,0,not-comparable,history-variant:semovix-first_vs_vs-pre-semovix-first；跨语言对：结构指标不做同语言解释
src/desktop/fileDialogs.ts,electron/src/renderer/src/components/waveform-player.tsx,8233f23b2bff51602df72fb755dadbf7bb82f246,08a1592e3cb9b4c36beef5fa3185ec2313bb1fea,false,false,0.0287,0.0418,0.0053,0.1023,2,0,0,not-comparable,history-variant:semovix-first_vs_vs-current；跨语言对：结构指标不做同语言解释
electron/main/lib/orphanReaper.ts,electron/native-linux-libraries.mjs,c5ebd8d220046afd52df34e3ec4982f3fae887b3,08a1592e3cb9b4c36beef5fa3185ec2313bb1fea,false,false,0.1884,0.1587,0.0142,0.101,3,0,0,not-comparable,跨语言对：结构指标不做同语言解释
src/desktop/fileDialogs.ts,electron/src/renderer/src/features/gallery/trim-audio.tsx,c5ebd8d220046afd52df34e3ec4982f3fae887b3,08a1592e3cb9b4c36beef5fa3185ec2313bb1fea,false,false,0.0136,0.0559,0.0095,0.0926,2,0,0,not-comparable,跨语言对：结构指标不做同语言解释
src/desktop/fileDialogs.ts,electron/src/renderer/src/features/gallery/trim-audio.tsx,c5ebd8d220046afd52df34e3ec4982f3fae887b3,f832d616f7eb5ee8028b5c8924249a552638634a,false,false,0.0136,0.0559,0.0095,0.0926,2,0,0,not-comparable,history-variant:vs-first；跨语言对：结构指标不做同语言解释
src/desktop/fileDialogs.ts,electron/src/renderer/src/features/gallery/trim-audio.tsx,c5ebd8d220046afd52df34e3ec4982f3fae887b3,29c8a132604bd6befaf8dd3355862a2977432d54,false,false,0.0136,0.0559,0.0095,0.0926,2,0,0,not-comparable,history-variant:vs-pre-semovix-first；跨语言对：结构指标不做同语言解释
src/desktop/fileDialogs.ts,electron/src/renderer/src/features/dub/dub-export-panel.tsx,c5ebd8d220046afd52df34e3ec4982f3fae887b3,08a1592e3cb9b4c36beef5fa3185ec2313bb1fea,false,false,0.0173,0.0478,0.0199,0.0898,2,0,0,not-comparable,跨语言对：结构指标不做同语言解释
src/desktop/fileDialogs.ts,electron/src/renderer/src/features/dub/dub-export-panel.tsx,c5ebd8d220046afd52df34e3ec4982f3fae887b3,f832d616f7eb5ee8028b5c8924249a552638634a,false,false,0.0173,0.0478,0.0199,0.0898,2,0,0,not-comparable,history-variant:vs-first；跨语言对：结构指标不做同语言解释
src/desktop/fileDialogs.ts,electron/src/renderer/src/features/gallery/trim-audio.tsx,8233f23b2bff51602df72fb755dadbf7bb82f246,29c8a132604bd6befaf8dd3355862a2977432d54,false,false,0.0136,0.0561,0.0095,0.0898,2,0,0,not-comparable,history-variant:semovix-first_vs_vs-pre-semovix-first；跨语言对：结构指标不做同语言解释
src/desktop/fileDialogs.ts,electron/src/renderer/src/features/gallery/trim-audio.tsx,8233f23b2bff51602df72fb755dadbf7bb82f246,08a1592e3cb9b4c36beef5fa3185ec2313bb1fea,false,false,0.0136,0.0561,0.0095,0.0898,2,0,0,not-comparable,history-variant:semovix-first_vs_vs-current；跨语言对：结构指标不做同语言解释
src/desktop/fileDialogs.ts,electron/src/renderer/src/features/integrations/twilio-setup.tsx,c5ebd8d220046afd52df34e3ec4982f3fae887b3,09ec78c7115d98ca033ac048bd9af0008e524e5f,false,false,0.0434,0.0644,0.0048,0.0877,2,0,0,not-comparable,history-variant:vs-first；跨语言对：结构指标不做同语言解释
src/desktop/fileDialogs.ts,electron/src/renderer/src/features/dub/dub-export-panel.tsx,8233f23b2bff51602df72fb755dadbf7bb82f246,f832d616f7eb5ee8028b5c8924249a552638634a,false,false,0.0173,0.0479,0.0199,0.0864,2,0,0,not-comparable,history-variant:semovix-first_vs_vs-pre-semovix-first；跨语言对：结构指标不做同语言解释
src/desktop/fileDialogs.ts,electron/src/renderer/src/features/dub/dub-export-panel.tsx,8233f23b2bff51602df72fb755dadbf7bb82f246,08a1592e3cb9b4c36beef5fa3185ec2313bb1fea,false,false,0.0173,0.0479,0.0199,0.0864,2,0,0,not-comparable,history-variant:semovix-first_vs_vs-current；跨语言对：结构指标不做同语言解释
src/desktop/fileDialogs.ts,electron/src/renderer/src/features/clone/profile-preview.tsx,c5ebd8d220046afd52df34e3ec4982f3fae887b3,08a1592e3cb9b4c36beef5fa3185ec2313bb1fea,false,false,0.0211,0.044,0.0058,0.0814,2,0,0,not-comparable,跨语言对：结构指标不做同语言解释
src/desktop/fileDialogs.ts,electron/src/renderer/src/features/clone/profile-preview.tsx,c5ebd8d220046afd52df34e3ec4982f3fae887b3,f832d616f7eb5ee8028b5c8924249a552638634a,false,false,0.0211,0.044,0.0058,0.0814,2,0,0,not-comparable,history-variant:vs-first；跨语言对：结构指标不做同语言解释
src/desktop/fileDialogs.ts,electron/src/renderer/src/features/integrations/twilio-setup.test.tsx,c5ebd8d220046afd52df34e3ec4982f3fae887b3,09ec78c7115d98ca033ac048bd9af0008e524e5f,false,false,0.0714,0.0382,0.0042,0.0808,2,0,0,not-comparable,history-variant:vs-first；跨语言对：结构指标不做同语言解释
src/desktop/fileDialogs.ts,electron/src/renderer/src/features/longform/book-settings.tsx,c5ebd8d220046afd52df34e3ec4982f3fae887b3,08a1592e3cb9b4c36beef5fa3185ec2313bb1fea,false,false,0.0117,0.0727,0.0083,0.0801,2,0,0,not-comparable,跨语言对：结构指标不做同语言解释
src/desktop/fileDialogs.ts,electron/src/renderer/src/features/longform/book-settings.tsx,c5ebd8d220046afd52df34e3ec4982f3fae887b3,f832d616f7eb5ee8028b5c8924249a552638634a,false,false,0.0117,0.0727,0.0083,0.0801,2,0,0,not-comparable,history-variant:vs-first；跨语言对：结构指标不做同语言解释
src/desktop/fileDialogs.ts,electron/src/renderer/src/features/clone/profile-preview.tsx,8233f23b2bff51602df72fb755dadbf7bb82f246,f832d616f7eb5ee8028b5c8924249a552638634a,false,false,0.0211,0.0441,0.0058,0.0772,2,0,0,not-comparable,history-variant:semovix-first_vs_vs-pre-semovix-first；跨语言对：结构指标不做同语言解释
src/desktop/fileDialogs.ts,electron/src/renderer/src/features/clone/profile-preview.tsx,8233f23b2bff51602df72fb755dadbf7bb82f246,08a1592e3cb9b4c36beef5fa3185ec2313bb1fea,false,false,0.0211,0.0441,0.0058,0.0772,2,0,0,not-comparable,history-variant:semovix-first_vs_vs-current；跨语言对：结构指标不做同语言解释
src/desktop/fileDialogs.ts,electron/src/renderer/src/features/clone/reference-panel.tsx,c5ebd8d220046afd52df34e3ec4982f3fae887b3,f832d616f7eb5ee8028b5c8924249a552638634a,false,false,0.0495,0.0519,0.0077,0.0763,2,0,0,not-comparable,history-variant:vs-first；跨语言对：结构指标不做同语言解释
src/desktop/fileDialogs.ts,electron/src/renderer/src/features/longform/book-settings.tsx,8233f23b2bff51602df72fb755dadbf7bb82f246,f832d616f7eb5ee8028b5c8924249a552638634a,false,false,0.0118,0.0729,0.0083,0.0762,2,0,0,not-comparable,history-variant:semovix-first_vs_vs-pre-semovix-first；跨语言对：结构指标不做同语言解释
src/desktop/fileDialogs.ts,electron/src/renderer/src/features/longform/book-settings.tsx,8233f23b2bff51602df72fb755dadbf7bb82f246,08a1592e3cb9b4c36beef5fa3185ec2313bb1fea,false,false,0.0118,0.0729,0.0083,0.0762,2,0,0,not-comparable,history-variant:semovix-first_vs_vs-current；跨语言对：结构指标不做同语言解释
src/desktop/fileDialogs.ts,electron/src/renderer/src/features/clone/reference-panel.tsx,c5ebd8d220046afd52df34e3ec4982f3fae887b3,08a1592e3cb9b4c36beef5fa3185ec2313bb1fea,false,false,0.0332,0.0464,0.0083,0.073,2,0,0,not-comparable,跨语言对：结构指标不做同语言解释
src/desktop/fileDialogs.ts,electron/src/renderer/src/features/clone/reference-panel.tsx,c5ebd8d220046afd52df34e3ec4982f3fae887b3,ade8e44c8525dc7f3813f13be059f53c29b19d0a,false,false,0.0332,0.0464,0.0083,0.073,2,0,0,not-comparable,history-variant:vs-pre-semovix-first；跨语言对：结构指标不做同语言解释
electron/main/lib/supervisors.ts,scripts/dev-backend.mjs,c5ebd8d220046afd52df34e3ec4982f3fae887b3,e6b1179001764488c5b6944655d81ed0526e2659,false,false,0.0398,0.0755,0.0096,0.0706,5,0,0,not-comparable,history-variant:vs-first；跨语言对：结构指标不做同语言解释
src/desktop/fileDialogs.ts,electron/src/renderer/src/features/clone/reference-panel.tsx,8233f23b2bff51602df72fb755dadbf7bb82f246,ade8e44c8525dc7f3813f13be059f53c29b19d0a,false,false,0.0333,0.0465,0.0083,0.07,2,0,0,not-comparable,history-variant:semovix-first_vs_vs-pre-semovix-first；跨语言对：结构指标不做同语言解释
src/desktop/fileDialogs.ts,electron/src/renderer/src/features/clone/reference-panel.tsx,8233f23b2bff51602df72fb755dadbf7bb82f246,08a1592e3cb9b4c36beef5fa3185ec2313bb1fea,false,false,0.0333,0.0465,0.0083,0.07,2,0,0,not-comparable,history-variant:semovix-first_vs_vs-current；跨语言对：结构指标不做同语言解释
electron/main/lib/orphanReaper.ts,electron/native-helper-build.mjs,c5ebd8d220046afd52df34e3ec4982f3fae887b3,08a1592e3cb9b4c36beef5fa3185ec2313bb1fea,false,false,0.1333,0.0625,0.0,0.0696,2,0,0,not-comparable,跨语言对：结构指标不做同语言解释
electron/main/lib/orphanReaper.ts,electron/scripts/dev.mjs,c5ebd8d220046afd52df34e3ec4982f3fae887b3,08a1592e3cb9b4c36beef5fa3185ec2313bb1fea,false,false,0.0924,0.1014,0.0048,0.0641,3,0,0,not-comparable,跨语言对：结构指标不做同语言解释
src/desktop/fileDialogs.ts,electron/src/renderer/src/features/integrations/twilio-setup.tsx,c5ebd8d220046afd52df34e3ec4982f3fae887b3,08a1592e3cb9b4c36beef5fa3185ec2313bb1fea,false,false,0.0339,0.0318,0.0034,0.0626,2,0,0,not-comparable,跨语言对：结构指标不做同语言解释
src/desktop/fileDialogs.ts,electron/src/renderer/src/features/integrations/twilio-setup.tsx,c5ebd8d220046afd52df34e3ec4982f3fae887b3,58a306fddd0139cb3fcfc4948189a3bb5b4a5ae3,false,false,0.0339,0.0318,0.0034,0.0626,2,0,0,not-comparable,history-variant:vs-pre-semovix-first；跨语言对：结构指标不做同语言解释
src/desktop/fileDialogs.ts,electron/src/renderer/src/features/integrations/twilio-setup.tsx,8233f23b2bff51602df72fb755dadbf7bb82f246,58a306fddd0139cb3fcfc4948189a3bb5b4a5ae3,false,false,0.0339,0.0319,0.0034,0.0607,2,0,0,not-comparable,history-variant:semovix-first_vs_vs-pre-semovix-first；跨语言对：结构指标不做同语言解释
src/desktop/fileDialogs.ts,electron/src/renderer/src/features/integrations/twilio-setup.tsx,8233f23b2bff51602df72fb755dadbf7bb82f246,08a1592e3cb9b4c36beef5fa3185ec2313bb1fea,false,false,0.0339,0.0319,0.0034,0.0607,2,0,0,not-comparable,history-variant:semovix-first_vs_vs-current；跨语言对：结构指标不做同语言解释
src/components/desktop/RuntimeStatusCenter.tsx,electron/src/renderer/src/components/app-shell/status-runtime.ts,c5ebd8d220046afd52df34e3ec4982f3fae887b3,08a1592e3cb9b4c36beef5fa3185ec2313bb1fea,false,false,0.0293,0.0196,0.0021,0.0607,2,0,0,not-comparable,跨语言对：结构指标不做同语言解释
src/desktop/fileDialogs.ts,electron/src/renderer/src/features/integrations/twilio-setup.test.tsx,c5ebd8d220046afd52df34e3ec4982f3fae887b3,08a1592e3cb9b4c36beef5fa3185ec2313bb1fea,false,false,0.0468,0.0347,0.0025,0.0602,2,0,0,not-comparable,跨语言对：结构指标不做同语言解释
src/desktop/fileDialogs.ts,electron/src/renderer/src/features/integrations/twilio-setup.test.tsx,c5ebd8d220046afd52df34e3ec4982f3fae887b3,58a306fddd0139cb3fcfc4948189a3bb5b4a5ae3,false,false,0.0468,0.0347,0.0025,0.0602,2,0,0,not-comparable,history-variant:vs-pre-semovix-first；跨语言对：结构指标不做同语言解释
electron/main/lib/orphanReaper.ts,electron/scripts/embed-appimage-update.mjs,c5ebd8d220046afd52df34e3ec4982f3fae887b3,08a1592e3cb9b4c36beef5fa3185ec2313bb1fea,false,false,0.0719,0.0258,0.0,0.0575,2,0,0,not-comparable,跨语言对：结构指标不做同语言解释
src/desktop/fileDialogs.ts,electron/src/renderer/src/features/integrations/twilio-setup.test.tsx,8233f23b2bff51602df72fb755dadbf7bb82f246,58a306fddd0139cb3fcfc4948189a3bb5b4a5ae3,false,false,0.0469,0.0348,0.0025,0.0569,2,0,0,not-comparable,history-variant:semovix-first_vs_vs-pre-semovix-first；跨语言对：结构指标不做同语言解释
src/desktop/fileDialogs.ts,electron/src/renderer/src/features/integrations/twilio-setup.test.tsx,8233f23b2bff51602df72fb755dadbf7bb82f246,08a1592e3cb9b4c36beef5fa3185ec2313bb1fea,false,false,0.0469,0.0348,0.0025,0.0569,2,0,0,not-comparable,history-variant:semovix-first_vs_vs-current；跨语言对：结构指标不做同语言解释
src/components/desktop/DesktopSetupWizard.tsx,electron/src/shared/api/setup.ts,c5ebd8d220046afd52df34e3ec4982f3fae887b3,08a1592e3cb9b4c36beef5fa3185ec2313bb1fea,false,false,0.0236,0.0506,0.0005,0.0233,2,0,0,not-comparable,跨语言对：结构指标不做同语言解释
src/desktop/fileDialogs.ts,docs/specs/longform/33-cue-sheet-export.md,8233f23b2bff51602df72fb755dadbf7bb82f246,5cab8e01495e318e0e51820e7170467c9e351e79,false,false,0.0663,0.071,0.0034,0.0204,2,0,0,not-comparable,history-variant:semovix-first_vs_vs-pre-semovix-first；跨语言对：结构指标不做同语言解释
src/desktop/fileDialogs.ts,docs/specs/longform/33-cue-sheet-export.md,8233f23b2bff51602df72fb755dadbf7bb82f246,08a1592e3cb9b4c36beef5fa3185ec2313bb1fea,false,false,0.0663,0.071,0.0034,0.0204,2,0,0,not-comparable,history-variant:semovix-first_vs_vs-current；跨语言对：结构指标不做同语言解释
src/desktop/fileDialogs.ts,docs/specs/longform/33-cue-sheet-export.md,c5ebd8d220046afd52df34e3ec4982f3fae887b3,08a1592e3cb9b4c36beef5fa3185ec2313bb1fea,false,false,0.0662,0.0709,0.0034,0.0204,2,0,0,not-comparable,跨语言对：结构指标不做同语言解释
src/desktop/fileDialogs.ts,docs/specs/longform/33-cue-sheet-export.md,c5ebd8d220046afd52df34e3ec4982f3fae887b3,e0b59f3984b70910a40e8c88eb62c407441172da,false,false,0.0662,0.0709,0.0034,0.0204,2,0,0,not-comparable,history-variant:vs-first；跨语言对：结构指标不做同语言解释
src/desktop/fileDialogs.ts,docs/specs/longform/33-cue-sheet-export.md,c5ebd8d220046afd52df34e3ec4982f3fae887b3,5cab8e01495e318e0e51820e7170467c9e351e79,false,false,0.0662,0.0709,0.0034,0.0204,2,0,0,not-comparable,history-variant:vs-pre-semovix-first；跨语言对：结构指标不做同语言解释
src/components/desktop/DesktopSetupWizard.tsx,backend/api/routers/dub_translate.py,c5ebd8d220046afd52df34e3ec4982f3fae887b3,08a1592e3cb9b4c36beef5fa3185ec2313bb1fea,false,false,0.0101,0.022,0.0,0.0194,2,0,0,not-comparable,跨语言对：结构指标不做同语言解释
server/lib/safeFs.ts,backend/services/incremental.py,c5ebd8d220046afd52df34e3ec4982f3fae887b3,52d68d05dc568607a2ac506d858601b1dd992674,false,false,0.061,0.014,0.0,0.0181,2,0,0,not-comparable,history-variant:vs-first；跨语言对：结构指标不做同语言解释
src/components/desktop/RuntimeStatusCenter.tsx,backend/api/routers/tts_stream.py,c5ebd8d220046afd52df34e3ec4982f3fae887b3,08a1592e3cb9b4c36beef5fa3185ec2313bb1fea,false,false,0.0605,0.0,0.0,0.016,1,0,0,not-comparable,跨语言对：结构指标不做同语言解释
src/components/desktop/DesktopSetupWizard.tsx,backend/api/routers/batch.py,c5ebd8d220046afd52df34e3ec4982f3fae887b3,08a1592e3cb9b4c36beef5fa3185ec2313bb1fea,false,false,0.0387,0.01,0.0,0.0158,2,0,0,not-comparable,跨语言对：结构指标不做同语言解释
server/lib/safeFs.ts,backend/services/incremental.py,c5ebd8d220046afd52df34e3ec4982f3fae887b3,08a1592e3cb9b4c36beef5fa3185ec2313bb1fea,false,false,0.0424,0.0163,0.0,0.0157,2,0,0,not-comparable,跨语言对：结构指标不做同语言解释
server/lib/safeFs.ts,backend/services/incremental.py,c5ebd8d220046afd52df34e3ec4982f3fae887b3,283ef36b13bb0b0453b15b1e269305db0aaa6cae,false,false,0.0424,0.0163,0.0,0.0157,2,0,0,not-comparable,history-variant:vs-pre-semovix-first；跨语言对：结构指标不做同语言解释
server/lib/safeFs.ts,backend/services/incremental.py,fb76cdf33add210a9161e3e14376adf119c8b037,283ef36b13bb0b0453b15b1e269305db0aaa6cae,false,false,0.0424,0.0163,0.0,0.0157,2,0,0,not-comparable,history-variant:semovix-first_vs_vs-pre-semovix-first；跨语言对：结构指标不做同语言解释
server/lib/safeFs.ts,backend/services/incremental.py,fb76cdf33add210a9161e3e14376adf119c8b037,08a1592e3cb9b4c36beef5fa3185ec2313bb1fea,false,false,0.0424,0.0163,0.0,0.0157,2,0,0,not-comparable,history-variant:semovix-first_vs_vs-current；跨语言对：结构指标不做同语言解释
src/components/desktop/RuntimeStatusCenter.tsx,backend/api/routers/setup/download.py,c5ebd8d220046afd52df34e3ec4982f3fae887b3,08a1592e3cb9b4c36beef5fa3185ec2313bb1fea,false,false,0.0384,0.0153,0.0,0.0157,2,0,0,not-comparable,跨语言对：结构指标不做同语言解释
src/components/desktop/RuntimeStatusCenter.tsx,backend/api/routers/dub_translate.py,c5ebd8d220046afd52df34e3ec4982f3fae887b3,08a1592e3cb9b4c36beef5fa3185ec2313bb1fea,false,false,0.014,0.0177,0.0,0.0156,2,0,0,not-comparable,跨语言对：结构指标不做同语言解释
server/lib/safeFs.ts,backend/services/token_resolver.py,c5ebd8d220046afd52df34e3ec4982f3fae887b3,4a6b978df97b5cc12f68e94ab4130addf878c8dc,false,false,0.04,0.0068,0.0,0.0155,2,0,0,not-comparable,history-variant:vs-first；跨语言对：结构指标不做同语言解释
server/lib/safeFs.ts,backend/core/path_security.py,c5ebd8d220046afd52df34e3ec4982f3fae887b3,08a1592e3cb9b4c36beef5fa3185ec2313bb1fea,false,false,0.0659,0.0,0.0,0.0152,1,0,0,not-comparable,跨语言对：结构指标不做同语言解释
server/lib/safeFs.ts,backend/core/path_security.py,c5ebd8d220046afd52df34e3ec4982f3fae887b3,3b64d317ae06d7c75bb0d0c2c5219098b9f12506,false,false,0.0659,0.0,0.0,0.0152,1,0,0,not-comparable,history-variant:vs-pre-semovix-first；跨语言对：结构指标不做同语言解释
server/lib/safeFs.ts,backend/core/path_security.py,fb76cdf33add210a9161e3e14376adf119c8b037,3b64d317ae06d7c75bb0d0c2c5219098b9f12506,false,false,0.0659,0.0,0.0,0.0152,1,0,0,not-comparable,history-variant:semovix-first_vs_vs-pre-semovix-first；跨语言对：结构指标不做同语言解释
server/lib/safeFs.ts,backend/core/path_security.py,fb76cdf33add210a9161e3e14376adf119c8b037,08a1592e3cb9b4c36beef5fa3185ec2313bb1fea,false,false,0.0659,0.0,0.0,0.0152,1,0,0,not-comparable,history-variant:semovix-first_vs_vs-current；跨语言对：结构指标不做同语言解释
src/components/desktop/RuntimeStatusCenter.tsx,backend/api/routers/batch.py,c5ebd8d220046afd52df34e3ec4982f3fae887b3,08a1592e3cb9b4c36beef5fa3185ec2313bb1fea,false,false,0.0392,0.0095,0.0,0.015,2,0,0,not-comparable,跨语言对：结构指标不做同语言解释
server/lib/safeFs.ts,backend/services/token_resolver.py,c5ebd8d220046afd52df34e3ec4982f3fae887b3,08a1592e3cb9b4c36beef5fa3185ec2313bb1fea,false,false,0.0374,0.0064,0.0,0.0148,2,0,0,not-comparable,跨语言对：结构指标不做同语言解释
server/lib/safeFs.ts,backend/services/token_resolver.py,c5ebd8d220046afd52df34e3ec4982f3fae887b3,8428517d95fc74e372a6c1047da4a10888b4da2e,false,false,0.0374,0.0064,0.0,0.0148,2,0,0,not-comparable,history-variant:vs-pre-semovix-first；跨语言对：结构指标不做同语言解释
server/lib/safeFs.ts,backend/services/token_resolver.py,fb76cdf33add210a9161e3e14376adf119c8b037,8428517d95fc74e372a6c1047da4a10888b4da2e,false,false,0.0374,0.0064,0.0,0.0148,2,0,0,not-comparable,history-variant:semovix-first_vs_vs-pre-semovix-first；跨语言对：结构指标不做同语言解释
server/lib/safeFs.ts,backend/services/token_resolver.py,fb76cdf33add210a9161e3e14376adf119c8b037,08a1592e3cb9b4c36beef5fa3185ec2313bb1fea,false,false,0.0374,0.0064,0.0,0.0148,2,0,0,not-comparable,history-variant:semovix-first_vs_vs-current；跨语言对：结构指标不做同语言解释
src/components/desktop/DesktopSetupWizard.tsx,backend/api/routers/profiles.py,c5ebd8d220046afd52df34e3ec4982f3fae887b3,08a1592e3cb9b4c36beef5fa3185ec2313bb1fea,false,false,0.0307,0.0084,0.0,0.0148,2,0,0,not-comparable,跨语言对：结构指标不做同语言解释
server/lib/safeFs.ts,backend/services/llm_providers.py,c5ebd8d220046afd52df34e3ec4982f3fae887b3,29269b9cf09d50746c48ae8b1a9c0b8d0bd05a94,false,false,0.0251,0.0058,0.0,0.0146,2,0,0,not-comparable,history-variant:vs-first；跨语言对：结构指标不做同语言解释
src/components/desktop/DesktopSetupWizard.tsx,backend/api/routers/dub_core.py,c5ebd8d220046afd52df34e3ec4982f3fae887b3,08a1592e3cb9b4c36beef5fa3185ec2313bb1fea,false,false,0.0251,0.0163,0.0,0.0133,2,0,0,not-comparable,跨语言对：结构指标不做同语言解释
src/components/desktop/DesktopSetupWizard.tsx,backend/api/routers/gallery.py,c5ebd8d220046afd52df34e3ec4982f3fae887b3,08a1592e3cb9b4c36beef5fa3185ec2313bb1fea,false,false,0.0494,0.0068,0.0,0.0132,2,0,0,not-comparable,跨语言对：结构指标不做同语言解释
src/components/desktop/DesktopSetupWizard.tsx,backend/api/routers/dub_generate.py,c5ebd8d220046afd52df34e3ec4982f3fae887b3,08a1592e3cb9b4c36beef5fa3185ec2313bb1fea,false,false,0.0238,0.0093,0.0,0.0131,2,0,0,not-comparable,跨语言对：结构指标不做同语言解释
src/components/desktop/DesktopSetupWizard.tsx,backend/api/routers/marketplace.py,c5ebd8d220046afd52df34e3ec4982f3fae887b3,08a1592e3cb9b4c36beef5fa3185ec2313bb1fea,false,false,0.0628,0.0103,0.0,0.0127,2,0,0,not-comparable,跨语言对：结构指标不做同语言解释
server/lib/safeFs.ts,backend/core/path_security.py,c5ebd8d220046afd52df34e3ec4982f3fae887b3,3e6679c03e7c370b3c7b8cb626b4ba17e22707d4,false,false,0.0795,0.0,0.0,0.0122,1,0,0,not-comparable,history-variant:vs-first；跨语言对：结构指标不做同语言解释
src/components/desktop/DesktopSetupWizard.tsx,backend/api/routers/generation.py,c5ebd8d220046afd52df34e3ec4982f3fae887b3,08a1592e3cb9b4c36beef5fa3185ec2313bb1fea,false,false,0.0193,0.0056,0.0,0.0122,2,0,0,not-comparable,跨语言对：结构指标不做同语言解释
src/components/desktop/DesktopSetupWizard.tsx,backend/api/routers/capture.py,c5ebd8d220046afd52df34e3ec4982f3fae887b3,08a1592e3cb9b4c36beef5fa3185ec2313bb1fea,false,false,0.0691,0.0093,0.0,0.0121,1,0,0,not-comparable,跨语言对：结构指标不做同语言解释
server/lib/safeFs.ts,backend/api/routers/generation.py,c5ebd8d220046afd52df34e3ec4982f3fae887b3,67328d04fec71c4986ef866f994d5dd48c3ccb6b,false,false,0.0385,0.0071,0.0,0.012,1,0,0,not-comparable,history-variant:vs-first；跨语言对：结构指标不做同语言解释
src/components/desktop/RuntimeStatusCenter.tsx,backend/services/dub_pipeline.py,c5ebd8d220046afd52df34e3ec4982f3fae887b3,08a1592e3cb9b4c36beef5fa3185ec2313bb1fea,false,false,0.0295,0.0083,0.0,0.0114,1,0,0,not-comparable,跨语言对：结构指标不做同语言解释
server/lib/safeFs.ts,backend/services/subprocess_backend.py,c5ebd8d220046afd52df34e3ec4982f3fae887b3,0fc5ea6cf3ad1148dd71671583c153977c3c754f,false,false,0.0207,0.0039,0.0,0.0113,1,0,0,not-comparable,history-variant:vs-first；跨语言对：结构指标不做同语言解释
electron/main/lib/orphanReaper.ts,backend/worker/lifecycle.py,c5ebd8d220046afd52df34e3ec4982f3fae887b3,08a1592e3cb9b4c36beef5fa3185ec2313bb1fea,false,false,0.0186,0.024,0.0,0.0107,2,0,0,not-comparable,跨语言对：结构指标不做同语言解释
electron/main/lib/ports.ts,backend/api/routers/profiles.py,c5ebd8d220046afd52df34e3ec4982f3fae887b3,08a1592e3cb9b4c36beef5fa3185ec2313bb1fea,false,false,0.0133,0.0063,0.0,0.0107,2,0,0,not-comparable,跨语言对：结构指标不做同语言解释
electron/main/lib/ports.ts,backend/engines/indextts/main.py,c5ebd8d220046afd52df34e3ec4982f3fae887b3,08a1592e3cb9b4c36beef5fa3185ec2313bb1fea,false,false,0.0229,0.0115,0.0,0.0105,2,0,0,not-comparable,跨语言对：结构指标不做同语言解释
src/components/desktop/RuntimeStatusCenter.tsx,backend/api/routers/generation.py,c5ebd8d220046afd52df34e3ec4982f3fae887b3,08a1592e3cb9b4c36beef5fa3185ec2313bb1fea,false,false,0.0188,0.0051,0.0,0.0105,2,0,0,not-comparable,跨语言对：结构指标不做同语言解释
server/lib/safeFs.ts,backend/services/asr_backend.py,c5ebd8d220046afd52df34e3ec4982f3fae887b3,52d68d05dc568607a2ac506d858601b1dd992674,false,false,0.05,0.0085,0.0,0.0099,2,0,0,not-comparable,history-variant:vs-first；跨语言对：结构指标不做同语言解释
electron/main/lib/ports.ts,backend/engines/dots_tts/bootstrap.py,c5ebd8d220046afd52df34e3ec4982f3fae887b3,08a1592e3cb9b4c36beef5fa3185ec2313bb1fea,false,false,0.0279,0.0,0.0,0.0098,1,0,0,not-comparable,跨语言对：结构指标不做同语言解释
server/lib/safeFs.ts,backend/api/routers/dub_export.py,c5ebd8d220046afd52df34e3ec4982f3fae887b3,67328d04fec71c4986ef866f994d5dd48c3ccb6b,false,false,0.0233,0.0039,0.0,0.0098,2,0,0,not-comparable,history-variant:vs-first；跨语言对：结构指标不做同语言解释
src/components/desktop/RuntimeStatusCenter.tsx,backend/services/asr_backend.py,c5ebd8d220046afd52df34e3ec4982f3fae887b3,08a1592e3cb9b4c36beef5fa3185ec2313bb1fea,false,false,0.0137,0.0074,0.0,0.0095,2,0,0,not-comparable,跨语言对：结构指标不做同语言解释
electron/main/lib/ports.ts,backend/engines/indextts/__init__.py,c5ebd8d220046afd52df34e3ec4982f3fae887b3,08a1592e3cb9b4c36beef5fa3185ec2313bb1fea,false,false,0.0305,0.0058,0.0,0.0091,2,0,0,not-comparable,跨语言对：结构指标不做同语言解释
server/lib/safeFs.ts,backend/services/llm_providers.py,c5ebd8d220046afd52df34e3ec4982f3fae887b3,08a1592e3cb9b4c36beef5fa3185ec2313bb1fea,false,false,0.0189,0.0031,0.0,0.0089,1,0,0,not-comparable,跨语言对：结构指标不做同语言解释
server/lib/safeFs.ts,backend/services/llm_providers.py,c5ebd8d220046afd52df34e3ec4982f3fae887b3,676e7ee311a8ad63fcb37d25b5fcc4a5ea12672c,false,false,0.0189,0.0031,0.0,0.0089,1,0,0,not-comparable,history-variant:vs-pre-semovix-first；跨语言对：结构指标不做同语言解释
server/lib/safeFs.ts,backend/services/llm_providers.py,fb76cdf33add210a9161e3e14376adf119c8b037,676e7ee311a8ad63fcb37d25b5fcc4a5ea12672c,false,false,0.0189,0.0031,0.0,0.0089,1,0,0,not-comparable,history-variant:semovix-first_vs_vs-pre-semovix-first；跨语言对：结构指标不做同语言解释
server/lib/safeFs.ts,backend/services/llm_providers.py,fb76cdf33add210a9161e3e14376adf119c8b037,08a1592e3cb9b4c36beef5fa3185ec2313bb1fea,false,false,0.0189,0.0031,0.0,0.0089,1,0,0,not-comparable,history-variant:semovix-first_vs_vs-current；跨语言对：结构指标不做同语言解释
src/components/desktop/RuntimeStatusCenter.tsx,backend/api/routers/dub_generate.py,c5ebd8d220046afd52df34e3ec4982f3fae887b3,08a1592e3cb9b4c36beef5fa3185ec2313bb1fea,false,false,0.0226,0.0082,0.0,0.0088,2,0,0,not-comparable,跨语言对：结构指标不做同语言解释
electron/main/lib/ports.ts,backend/api/routers/generation.py,c5ebd8d220046afd52df34e3ec4982f3fae887b3,08a1592e3cb9b4c36beef5fa3185ec2313bb1fea,false,false,0.0047,0.0051,0.0,0.0085,2,0,0,not-comparable,跨语言对：结构指标不做同语言解释
electron/main/lib/ports.ts,backend/engines/audiocpp/__init__.py,c5ebd8d220046afd52df34e3ec4982f3fae887b3,08a1592e3cb9b4c36beef5fa3185ec2313bb1fea,false,false,0.0175,0.0195,0.0,0.0084,2,0,0,not-comparable,跨语言对：结构指标不做同语言解释
electron/main/lib/ports.ts,backend/api/routers/settings.py,c5ebd8d220046afd52df34e3ec4982f3fae887b3,08a1592e3cb9b4c36beef5fa3185ec2313bb1fea,false,false,0.0086,0.0121,0.0,0.0082,2,0,0,not-comparable,跨语言对：结构指标不做同语言解释
electron/main/lib/ports.ts,backend/engines/audiocpp/bootstrap.py,c5ebd8d220046afd52df34e3ec4982f3fae887b3,08a1592e3cb9b4c36beef5fa3185ec2313bb1fea,false,false,0.0163,0.0106,0.0,0.0081,2,0,0,not-comparable,跨语言对：结构指标不做同语言解释
electron/main/lib/ports.ts,backend/engines/confucius4/bootstrap.py,c5ebd8d220046afd52df34e3ec4982f3fae887b3,08a1592e3cb9b4c36beef5fa3185ec2313bb1fea,false,false,0.0282,0.0,0.0,0.0074,1,0,0,not-comparable,跨语言对：结构指标不做同语言解释
electron/main/lib/ports.ts,backend/api/routers/audiobook.py,c5ebd8d220046afd52df34e3ec4982f3fae887b3,08a1592e3cb9b4c36beef5fa3185ec2313bb1fea,false,false,0.0073,0.0068,0.0,0.0071,2,0,0,not-comparable,跨语言对：结构指标不做同语言解释
server/lib/safeFs.ts,backend/services/media_tools.py,c5ebd8d220046afd52df34e3ec4982f3fae887b3,5562aa16a732f778f6aaa6d7e1c3aac39c221fd7,false,false,0.0276,0.0196,0.0,0.007,2,0,0,not-comparable,history-variant:vs-first；跨语言对：结构指标不做同语言解释
server/lib/safeFs.ts,backend/services/sidecar_install.py,c5ebd8d220046afd52df34e3ec4982f3fae887b3,ff56865cf768dc4a64f7001aacd7e7b9b57460ec,false,false,0.0178,0.0138,0.0003,0.007,2,0,0,not-comparable,history-variant:vs-first；跨语言对：结构指标不做同语言解释
server/lib/safeFs.ts,backend/services/subprocess_backend.py,c5ebd8d220046afd52df34e3ec4982f3fae887b3,08a1592e3cb9b4c36beef5fa3185ec2313bb1fea,false,false,0.0097,0.0018,0.0,0.0069,1,0,0,not-comparable,跨语言对：结构指标不做同语言解释
server/lib/safeFs.ts,backend/services/subprocess_backend.py,c5ebd8d220046afd52df34e3ec4982f3fae887b3,cb80cfa1d0fcee49b341498253a742646291527e,false,false,0.0097,0.0018,0.0,0.0069,1,0,0,not-comparable,history-variant:vs-pre-semovix-first；跨语言对：结构指标不做同语言解释
server/lib/safeFs.ts,backend/services/subprocess_backend.py,fb76cdf33add210a9161e3e14376adf119c8b037,cb80cfa1d0fcee49b341498253a742646291527e,false,false,0.0097,0.0018,0.0,0.0069,1,0,0,not-comparable,history-variant:semovix-first_vs_vs-pre-semovix-first；跨语言对：结构指标不做同语言解释
server/lib/safeFs.ts,backend/services/subprocess_backend.py,fb76cdf33add210a9161e3e14376adf119c8b037,08a1592e3cb9b4c36beef5fa3185ec2313bb1fea,false,false,0.0097,0.0018,0.0,0.0069,1,0,0,not-comparable,history-variant:semovix-first_vs_vs-current；跨语言对：结构指标不做同语言解释
server/lib/safeFs.ts,backend/main.py,c5ebd8d220046afd52df34e3ec4982f3fae887b3,08a1592e3cb9b4c36beef5fa3185ec2313bb1fea,false,false,0.0055,0.0031,0.0002,0.0066,1,0,0,not-comparable,跨语言对：结构指标不做同语言解释
server/lib/safeFs.ts,backend/main.py,fb76cdf33add210a9161e3e14376adf119c8b037,08a1592e3cb9b4c36beef5fa3185ec2313bb1fea,false,false,0.0055,0.0031,0.0002,0.0066,1,0,0,not-comparable,history-variant:semovix-first_vs_vs-current；跨语言对：结构指标不做同语言解释
server/lib/safeFs.ts,backend/services/media_tools.py,c5ebd8d220046afd52df34e3ec4982f3fae887b3,08a1592e3cb9b4c36beef5fa3185ec2313bb1fea,false,false,0.0248,0.0175,0.0,0.0063,2,0,0,not-comparable,跨语言对：结构指标不做同语言解释
server/lib/safeFs.ts,backend/services/media_tools.py,c5ebd8d220046afd52df34e3ec4982f3fae887b3,963bf230df5255ab572b4496c00f81d8a8a5179b,false,false,0.0248,0.0175,0.0,0.0063,2,0,0,not-comparable,history-variant:vs-pre-semovix-first；跨语言对：结构指标不做同语言解释
server/lib/safeFs.ts,backend/services/media_tools.py,fb76cdf33add210a9161e3e14376adf119c8b037,963bf230df5255ab572b4496c00f81d8a8a5179b,false,false,0.0248,0.0175,0.0,0.0063,2,0,0,not-comparable,history-variant:semovix-first_vs_vs-pre-semovix-first；跨语言对：结构指标不做同语言解释
server/lib/safeFs.ts,backend/services/media_tools.py,fb76cdf33add210a9161e3e14376adf119c8b037,08a1592e3cb9b4c36beef5fa3185ec2313bb1fea,false,false,0.0248,0.0175,0.0,0.0063,2,0,0,not-comparable,history-variant:semovix-first_vs_vs-current；跨语言对：结构指标不做同语言解释
server/lib/safeFs.ts,backend/services/sidecar_install.py,c5ebd8d220046afd52df34e3ec4982f3fae887b3,08a1592e3cb9b4c36beef5fa3185ec2313bb1fea,false,false,0.0095,0.0072,0.0002,0.0063,2,0,0,not-comparable,跨语言对：结构指标不做同语言解释
server/lib/safeFs.ts,backend/services/sidecar_install.py,c5ebd8d220046afd52df34e3ec4982f3fae887b3,87c5097d6b239e5ea4f253b7a2d192a588999a4b,false,false,0.0095,0.0072,0.0002,0.0063,2,0,0,not-comparable,history-variant:vs-pre-semovix-first；跨语言对：结构指标不做同语言解释
server/lib/safeFs.ts,backend/services/sidecar_install.py,fb76cdf33add210a9161e3e14376adf119c8b037,87c5097d6b239e5ea4f253b7a2d192a588999a4b,false,false,0.0095,0.0072,0.0002,0.0063,2,0,0,not-comparable,history-variant:semovix-first_vs_vs-pre-semovix-first；跨语言对：结构指标不做同语言解释
server/lib/safeFs.ts,backend/services/sidecar_install.py,fb76cdf33add210a9161e3e14376adf119c8b037,08a1592e3cb9b4c36beef5fa3185ec2313bb1fea,false,false,0.0095,0.0072,0.0002,0.0063,2,0,0,not-comparable,history-variant:semovix-first_vs_vs-current；跨语言对：结构指标不做同语言解释
electron/main/lib/ports.ts,backend/core/device_caps.py,c5ebd8d220046afd52df34e3ec4982f3fae887b3,08a1592e3cb9b4c36beef5fa3185ec2313bb1fea,false,false,0.015,0.0028,0.0,0.006,2,0,0,not-comparable,跨语言对：结构指标不做同语言解释
server/lib/safeFs.ts,backend/api/routers/dub_export.py,c5ebd8d220046afd52df34e3ec4982f3fae887b3,08a1592e3cb9b4c36beef5fa3185ec2313bb1fea,false,false,0.009,0.0102,0.0,0.0053,2,0,0,not-comparable,跨语言对：结构指标不做同语言解释
server/lib/safeFs.ts,backend/api/routers/dub_export.py,c5ebd8d220046afd52df34e3ec4982f3fae887b3,c7860bcac8e07497ecbf42b90670ab7c6b0b0bdb,false,false,0.009,0.0102,0.0,0.0053,2,0,0,not-comparable,history-variant:vs-pre-semovix-first；跨语言对：结构指标不做同语言解释
server/lib/safeFs.ts,backend/api/routers/dub_export.py,fb76cdf33add210a9161e3e14376adf119c8b037,c7860bcac8e07497ecbf42b90670ab7c6b0b0bdb,false,false,0.009,0.0102,0.0,0.0053,2,0,0,not-comparable,history-variant:semovix-first_vs_vs-pre-semovix-first；跨语言对：结构指标不做同语言解释
server/lib/safeFs.ts,backend/api/routers/dub_export.py,fb76cdf33add210a9161e3e14376adf119c8b037,08a1592e3cb9b4c36beef5fa3185ec2313bb1fea,false,false,0.009,0.0102,0.0,0.0053,2,0,0,not-comparable,history-variant:semovix-first_vs_vs-current；跨语言对：结构指标不做同语言解释
server/lib/safeFs.ts,backend/api/routers/generation.py,c5ebd8d220046afd52df34e3ec4982f3fae887b3,08a1592e3cb9b4c36beef5fa3185ec2313bb1fea,false,false,0.006,0.0051,0.0,0.005,2,0,0,not-comparable,跨语言对：结构指标不做同语言解释
server/lib/safeFs.ts,backend/api/routers/generation.py,c5ebd8d220046afd52df34e3ec4982f3fae887b3,1947bf76531dcb6b1e4b3264e4e13195e962a4eb,false,false,0.006,0.0051,0.0,0.005,2,0,0,not-comparable,history-variant:vs-pre-semovix-first；跨语言对：结构指标不做同语言解释
server/lib/safeFs.ts,backend/api/routers/generation.py,fb76cdf33add210a9161e3e14376adf119c8b037,1947bf76531dcb6b1e4b3264e4e13195e962a4eb,false,false,0.006,0.0051,0.0,0.005,2,0,0,not-comparable,history-variant:semovix-first_vs_vs-pre-semovix-first；跨语言对：结构指标不做同语言解释
server/lib/safeFs.ts,backend/api/routers/generation.py,fb76cdf33add210a9161e3e14376adf119c8b037,08a1592e3cb9b4c36beef5fa3185ec2313bb1fea,false,false,0.006,0.0051,0.0,0.005,2,0,0,not-comparable,history-variant:semovix-first_vs_vs-current；跨语言对：结构指标不做同语言解释
server/lib/safeFs.ts,backend/main.py,c5ebd8d220046afd52df34e3ec4982f3fae887b3,3a8adf5dd45cb557d8e08acaf753f41fa37aca52,false,false,0.0071,0.0095,0.0,0.0043,2,0,0,not-comparable,history-variant:vs-first；跨语言对：结构指标不做同语言解释
server/lib/safeFs.ts,backend/main.py,fb76cdf33add210a9161e3e14376adf119c8b037,3a8adf5dd45cb557d8e08acaf753f41fa37aca52,false,false,0.0071,0.0095,0.0,0.0043,2,0,0,not-comparable,history-variant:semovix-first_vs_vs-pre-semovix-first；跨语言对：结构指标不做同语言解释
server/lib/safeFs.ts,backend/services/asr_backend.py,c5ebd8d220046afd52df34e3ec4982f3fae887b3,08a1592e3cb9b4c36beef5fa3185ec2313bb1fea,false,false,0.0039,0.0054,0.0,0.0028,2,0,0,not-comparable,跨语言对：结构指标不做同语言解释
server/lib/safeFs.ts,backend/services/asr_backend.py,c5ebd8d220046afd52df34e3ec4982f3fae887b3,d97788e51ccd52f8acf85cd18a840c51df9053ff,false,false,0.0039,0.0054,0.0,0.0028,2,0,0,not-comparable,history-variant:vs-pre-semovix-first；跨语言对：结构指标不做同语言解释
server/lib/safeFs.ts,backend/services/asr_backend.py,fb76cdf33add210a9161e3e14376adf119c8b037,d97788e51ccd52f8acf85cd18a840c51df9053ff,false,false,0.0039,0.0054,0.0,0.0028,2,0,0,not-comparable,history-variant:semovix-first_vs_vs-pre-semovix-first；跨语言对：结构指标不做同语言解释
server/lib/safeFs.ts,backend/services/asr_backend.py,fb76cdf33add210a9161e3e14376adf119c8b037,08a1592e3cb9b4c36beef5fa3185ec2313bb1fea,false,false,0.0039,0.0054,0.0,0.0028,2,0,0,not-comparable,history-variant:semovix-first_vs_vs-current；跨语言对：结构指标不做同语言解释
